1e-05,170003.6
1.03125e-05,167408.1
1.0625e-05,164927.9
1.09375e-05,162554.8
1.125e-05,160281.3
1.15625e-05,158100.6
1.1875e-05,156006.5
1.21875e-05,153993.5
1.25e-05,152056.5
1.28125e-05,150190.8
1.3125e-05,148392.1
1.34375e-05,146656.5
1.375e-05,144980.5
1.4375e-05,141793.8
1.5e-05,138808.5
1.5625e-05,136004.1
1.625e-05,133363.1
1.6875e-05,130870.2
1.75e-05,128512.1
1.8125e-05,126277.0
1.875e-05,124154.7
1.9375e-05,122135.9
2e-05,120212.4
2.09375e-05,117490.4
2.1875e-05,114945.3
2.28125e-05,112558.8
2.375e-05,110315.0
2.46875e-05,108200.2
2.5625e-05,106202.6
2.65625e-05,104311.7
2.75e-05,102518.3
2.84375e-05,100814.4
2.9375e-05,99192.7
3.03125e-05,97646.83
3.125e-05,96171.06
3.21875e-05,94760.23
3.3125e-05,93409.74
3.40625e-05,92115.38
3.5e-05,90873.39
3.59375e-05,89680.32
3.6875e-05,88533.04
3.78125e-05,87428.7
3.875e-05,86364.68
3.96875e-05,85338.59
4.0625e-05,84348.22
4.25e-05,82466.73
4.4375e-05,80705.77
4.625e-05,79053.02
4.8125e-05,77497.83
5e-05,76030.95
5.15625e-05,74870.18
5.3125e-05,73761.0
5.46875e-05,72699.71
5.625e-05,71682.94
5.78125e-05,70707.69
5.9375e-05,69771.18
6.09375e-05,68870.93
6.25e-05,68004.66
6.40625e-05,67170.27
6.5625e-05,66365.86
6.71875e-05,65589.68
6.875e-05,64840.12
7.1875e-05,63414.99
7.5e-05,62079.88
7.8125e-05,60825.71
8.125e-05,59644.6
8.4375e-05,58529.74
8.75e-05,57475.15
9.0625e-05,56475.58
9.375e-05,55526.42
9.6875e-05,54623.57
0.0001,53763.37
0.000103125,52942.58
0.00010625,52158.26
0.000109375,51407.81
0.0001125,50688.85
0.000115625,49999.23
0.00011875,49337.02
0.000121875,48700.44
0.000125,48087.89
0.000128125,47497.89
0.00013125,46929.08
0.000134375,46380.24
0.0001375,45850.21
0.00014375,44842.49
0.00015,43898.42
0.00015625,43011.58
0.0001625,42176.41
0.00016875,41388.08
0.000175,40642.36
0.00018125,39935.56
0.0001875,39264.4
0.00019375,38625.98
0.0002,38017.72
0.000209375,37156.93
0.00021875,36352.08
0.000228125,35597.37
0.0002375,34887.8
0.000246875,34219.05
0.00025625,33587.33
0.000265625,32989.37
0.000275,32422.24
0.000284375,31883.4
0.00029375,31370.56
0.000303125,30881.71
0.0003125,30415.02
0.000321875,29968.87
0.00033125,29541.79
0.000340625,29132.48
0.00035,28739.72
0.000359375,28362.43
0.00036875,27999.62
0.000378125,27650.39
0.0003875,27313.91
0.000396875,26989.43
0.00040625,26676.24
0.000425,26081.25
0.00044375,25524.37
0.0004625,25001.72
0.00048125,24509.91
0.0005,24046.04
0.000515625,23678.96
0.00053125,23328.2
0.000546875,22992.58
0.0005625,22671.05
0.000578125,22362.64
0.00059375,22066.49
0.000609375,21781.8
0.000625,21507.85
0.000640625,21243.99
0.00065625,20989.61
0.000671875,20744.15
0.0006875,20507.12
0.00071875,20056.44
0.00075,19634.24
0.00078125,19237.63
0.0008125,18864.12
0.00084375,18511.56
0.000875,18178.06
0.00090625,17861.97
0.0009375,17561.81
0.00096875,17276.3
0.001,17004.28
0.00103125,16744.71
0.0010625,16496.69
0.00109375,16259.37
0.001125,16032.01
0.00115625,15813.93
0.0011875,15604.51
0.00121875,15403.21
0.00125,15209.5
0.00128125,15022.92
0.0013125,14843.04
0.00134375,14669.48
0.001375,14501.87
0.0014375,14183.19
0.0015,13884.64
0.0015625,13604.2
0.001625,13340.09
0.0016875,13090.79
0.00175,12854.97
0.0018125,12631.45
0.001875,12419.21
0.0019375,12217.32
0.002,12024.97
0.00209375,11752.76
0.0021875,11498.24
0.00228125,11259.57
0.002375,11035.18
0.00246875,10823.7
0.0025625,10623.93
0.00265625,10434.83
0.00275,10255.49
0.00284375,10085.09
0.0029375,9922.914
0.00303125,9768.321
0.003125,9620.737
0.00321875,9479.65
0.0033125,9344.595
0.00340625,9215.155
0.0035,9090.951
0.00359375,8971.639
0.0036875,8856.907
0.00378125,8746.469
0.003875,8640.063
0.00396875,8537.45
0.0040625,8438.409
0.00425,8250.252
0.0044375,8074.151
0.004625,7908.869
0.0048125,7753.344
0.005,7606.65
0.00515625,7490.569
0.0053125,7379.647
0.00546875,7273.513
0.005625,7171.833
0.00578125,7074.304
0.0059375,6980.65
0.00609375,6890.622
0.00625,6803.991
0.00640625,6720.549
0.0065625,6640.105
0.00671875,6562.484
0.006875,6487.525
0.0071875,6345.006
0.0075,6211.491
0.0078125,6086.069
0.008125,5967.954
0.0084375,5856.463
0.00875,5751.0
0.0090625,5651.039
0.009375,5556.12
0.0096875,5465.831
0.01,5379.808
0.0103125,5297.725
0.010625,5219.291
0.0109375,5144.243
0.01125,5072.344
0.0115625,5003.38
0.011875,4937.156
0.0121875,4873.496
0.0125,4812.239
0.0128125,4753.236
0.013125,4696.353
0.0134375,4641.467
0.01375,4588.462
0.014375,4487.686
0.015,4393.276
0.015625,4304.588
0.01625,4221.068
0.016875,4142.232
0.0175,4067.657
0.018125,3996.974
0.01875,3929.856
0.019375,3866.011
0.02,3805.184
0.0206625,3743.744
0.021325,3685.19
0.0219875,3629.302
0.02265,3575.885
0.0233125,3524.761
0.023975,3475.772
0.0246375,3428.772
0.0253,3383.63
0.02607188,3333.218
0.02684375,3284.997
0.02761563,3238.811
0.0283875,3194.523
0.02915938,3152.005
0.02993125,3111.143
0.03070313,3071.831
0.031475,3033.974
0.03224688,2997.485
0.03301875,2962.283
0.0345625,2895.451
0.03610625,2832.951
0.03765,2774.337
0.03919375,2719.221
0.0407375,2667.268
0.04228125,2618.187
0.043825,2571.722
0.04536875,2527.65
0.0469125,2485.772
0.04845625,2445.912
0.05,2407.911
0.0515625,2371.201
0.053125,2336.122
0.0546875,2302.558
0.05625,2270.402
0.0578125,2239.559
0.059375,2209.941
0.0609375,2181.47
0.0625,2154.074
0.0640625,2127.686
0.065625,2102.246
0.0671875,2077.699
0.06875,2053.993
0.071875,2008.923
0.075,1966.7
0.078125,1927.036
0.08125,1889.683
0.084375,1854.425
0.0875,1821.073
0.090625,1789.462
0.09375,1759.444
0.096875,1730.891
0.1,1703.687
0.103125,1677.73
0.10625,1652.926
0.109375,1629.192
0.1125,1606.455
0.115625,1584.646
0.11875,1563.704
0.121875,1543.572
0.125,1524.2
0.128125,1505.541
0.13125,1487.553
0.134375,1470.195
0.1375,1453.433
0.14375,1421.564
0.15,1391.708
0.15625,1363.662
0.1625,1337.25
0.16875,1312.319
0.175,1288.736
0.18125,1266.384
0.1875,1245.159
0.19375,1224.969
0.2,1205.733
0.209375,1178.511
0.21875,1153.058
0.228125,1129.191
0.2375,1106.751
0.246875,1085.602
0.25625,1065.625
0.265625,1046.715
0.275,1028.78
0.284375,1011.739
0.29375,995.5213
0.303125,980.0617
0.3125,965.303
0.321875,951.1939
0.33125,937.6882
0.340625,924.7439
0.35,912.3233
0.359375,900.3919
0.36875,888.9185
0.378125,877.8744
0.3875,867.2337
0.396875,856.9722
0.40625,847.0681
0.425,828.2521
0.44375,810.6417
0.4625,794.1134
0.48125,778.5607
0.5,763.8912
0.53125,741.1907
0.5625,720.4093
0.59375,701.2909
0.625,683.6249
0.65625,667.2364
0.6875,651.9783
0.71875,637.7265
0.75,624.375
0.78125,611.8329
0.8125,600.0215
0.84375,588.8725
0.875,578.3263
0.9375,558.8385
1.0,541.2075
1.0625,525.1561
1.125,510.4616
1.1875,496.943
1.25,484.4515
1.3125,472.8633
1.375,462.0744
1.4375,451.997
1.5,442.5562
1.5625,433.6877
1.625,425.3359
1.6875,417.4525
1.75,409.9953
1.875,396.2156
2.0,383.7488
2.09375,375.1408
2.1875,367.0923
2.28125,359.5453
2.375,352.4496
2.46875,345.762
2.5625,339.4449
2.65625,333.4653
2.75,327.7941
2.9375,317.2774
3.0,313.9929
3.007813,313.5895
3.015625,313.1877
3.03125,312.3888
3.0625,310.8094
3.09375,309.254
3.125,307.722
3.171875,305.4665
3.21875,303.2605
3.265625,301.1022
3.3125,298.9899
3.40625,294.8967
3.5,290.9692
3.59375,287.1963
3.6875,283.5683
3.78125,280.0761
3.875,276.7113
4.0625,270.3347
4.25,264.3849
4.4375,258.8163
4.625,253.5899
4.8125,248.6719
5.0,244.0333
5.299999,237.13
5.300001,180.5024
5.593751,175.7617
5.887501,171.3866
6.181251,167.3326
6.475001,163.5626
6.768751,160.0448
7.062501,156.7526
7.650001,150.7562
8.237501,145.4239
8.825001,140.6419
9.412501,136.3223
10.0,132.3953
10.625,128.5372
11.25,125.0143
11.875,121.7814
12.5,118.8007
13.75,113.43
15.0,108.7658
16.0,105.4222
17.0,102.3879
18.5,98.29126
20.0,94.68043
21.25,91.94946
22.5,89.45797
23.75,87.17326
25.0,85.06858
26.25,83.09794
27.5,81.26882
30.0,77.97373
32.5,75.05038
35.0,72.45989
37.5,70.1211
40.0,68.0155
42.5,66.08148
45.0,64.31933
47.5,62.70539
50.0,61.2203
52.5,59.82494
55.0,58.53132
60.0,56.20476
63.0,54.93037
66.0,53.7494
72.0,51.62667
78.5,49.58972
85.0,47.80703
92.5,45.97179
100.0,44.36251
106.25,43.14014
112.5,42.02636
118.75,41.00615
125.0,40.06729
131.25,39.18579
137.5,38.36833
150.0,36.89739
160.0,35.84037
170.0,34.88305
185.0,33.58791
200.0,32.44931
212.5,31.58594
225.0,30.79933
237.5,30.07886
250.0,29.41585
262.5,28.79349
275.0,28.21633
287.5,27.67919
300.0,27.1777
312.5,26.70214
325.0,26.25566
337.5,25.83547
350.0,25.4391
375.0,24.7019
400.0,24.03831
425.0,23.42933
450.0,22.87421
475.0,22.36553
500.0,21.89718
525.0,21.45854
550.0,21.05148
575.0,20.6724
600.0,20.31826
630.0,19.91841
660.0,19.54723
690.0,19.20146
720.0,18.87835
760.0,18.47577
800.0,18.10487
850.0,17.67688
900.0,17.28623
950.0,16.9278
1000.0,16.59739
1062.5,16.2156
1125.0,15.86688
1187.5,15.54673
1250.0,15.25142
1312.5,14.97672
1375.0,14.72132
1437.5,14.48305
1500.0,14.26006
1600.0,13.93076
1700.0,13.63124
1775.0,13.42368
1850.0,13.22895
2000.0,12.87295
2125.0,12.60665
2250.0,12.36273
2375.0,12.13818
2500.0,11.93051
2625.0,11.73928
2750.0,11.56101
2875.0,11.39426
3000.0,11.23783
3250.0,10.95483
3500.0,10.70179
3750.0,10.47635
4000.0,10.27152
4250.0,10.08785
4500.0,9.918908
4750.0,9.762749
5000.0,9.617792
5250.0,9.486268
5500.0,9.363192
6000.0,9.138905
6500.0,8.944703
7000.0,8.769974
7500.0,8.615825
8000.0,8.474996
8500.0,8.35043
9000.0,8.235287
9500.0,8.128373
10000.0,8.028701
10625.0,7.919371
11250.0,7.818168
11875.0,7.724076
12500.0,7.636247
13750.0,7.48561
15000.0,7.351709
16000.0,7.259132
17000.0,7.173677
18500.0,7.062354
20000.0,6.961965
21250.0,6.890404
22500.0,6.824002
25000.0,6.704232
27500.0,6.606461
30000.0,6.51934
32500.0,6.44587
35000.0,6.379237
37500.0,6.321653
40000.0,6.268769
42500.0,6.223073
45000.0,6.180709
47500.0,6.14126
50000.0,6.104384
50156.25,6.102313
50312.5,6.10025
50625.0,6.096149
50937.5,6.092081
51250.0,6.088046
51875.0,6.080069
52500.0,6.072215
53125.0,6.064482
53750.0,6.056866
55000.0,6.041972
56250.0,6.027511
57500.0,6.013457
58750.0,5.999794
60000.0,5.986501
61250.0,5.974222
62500.0,5.962266
65000.0,5.939258
67500.0,5.91737
70000.0,5.896508
72500.0,5.877313
75000.0,5.858961
77500.0,5.841386
80000.0,5.82453
82499.99,5.808911
84999.98,5.793893
87499.97,5.779435
89999.95,5.765499
92499.94,5.752054
94999.93,5.739067
99999.9,5.714364
100000.1,5.702382
103125.1,5.695393
106250.1,5.68871
109375.1,5.682311
112500.1,5.676175
115625.1,5.670285
118750.1,5.664625
121875.1,5.659179
125000.1,5.653936
131250.1,5.644007
137500.1,5.63475
143750.1,5.626093
150000.0,5.617973
153125.0,5.617963
156250.0,5.617981
162500.0,5.618096
168750.0,5.618305
175000.0,5.618595
181250.0,5.618956
187500.0,5.619381
193750.0,5.619862
200000.0,5.620391
206250.0,5.626239
212500.0,5.631963
218750.0,5.63757
225000.0,5.643064
231250.0,5.648449
237500.0,5.653732
250000.0,5.664003
253801.0,5.668372
253801.5,5.668371
254466.3,5.669319
255131.0,5.670265
256467.0,5.672163
259162.0,5.675959
261885.0,5.679764
264637.0,5.683561
267432.0,5.687377
270227.0,5.691174
275935.0,5.698788
281764.0,5.706411
287716.0,5.714042
293858.0,5.721735
300000.0,5.729344
309969.0,5.746805
319938.0,5.763788
330569.5,5.78134
341201.0,5.798408
352915.8,5.816594
364630.5,5.834262
376345.3,5.851442
388060.0,5.868158
388992.4,5.869754
389924.7,5.871345
391789.4,5.874519
395518.8,5.880827
399248.2,5.887083
402977.5,5.893287
410436.3,5.905545
417895.0,5.917608
419177.9,5.919903
420460.8,5.922193
423026.6,5.926753
428158.2,5.9358
433289.8,5.944751
438421.3,5.953608
443552.9,5.962373
448684.4,5.971049
458947.5,5.98814
469210.7,6.004895
479473.8,6.021326
489736.9,6.037448
500000.0,6.053272
511728.3,6.072463
523456.5,6.091266
535184.8,6.109696
546913.0,6.127768
548198.0,6.129765
549483.0,6.131758
552053.0,6.135732
553612.2,6.138166
555171.4,6.140592
558289.8,6.145428
564526.5,6.155025
570763.3,6.164527
577000.0,6.173934
583236.8,6.183249
589473.5,6.192475
601947.0,6.210661
603178.6,6.212449
604410.2,6.214234
606873.4,6.217794
611799.7,6.224873
616726.0,6.231901
621652.3,6.238876
631504.9,6.252675
641357.5,6.266277
651210.2,6.279688
661062.8,6.292913
680768.0,6.318825
683172.0,6.321906
685576.0,6.324978
690384.0,6.331091
695192.0,6.337165
700000.0,6.343199
700625.0,6.34398
702439.0,6.346227
703963.4,6.348052
705487.8,6.349873
708536.6,6.353502
714634.2,6.360717
720731.8,6.367872
726829.3,6.37497
739024.4,6.388995
751219.5,6.4028
763414.7,6.41639
775609.8,6.429772
787804.9,6.442954
800000.0,6.455941
804885.0,6.460791
823714.5,6.478884
842544.0,6.496577
844339.5,6.49812
846135.0,6.49966
849726.0,6.502729
856908.0,6.50883
864090.0,6.514882
871272.0,6.520884
885636.0,6.532741
900000.0,6.54441
924139.5,6.560544
948279.0,6.576264
972418.5,6.591588
996558.0,6.606538
1000000.0,6.608338
1003811.0,6.610094
1007622.0,6.611845
1015243.0,6.615326
1022864.0,6.61878
1030485.0,6.622209
1045728.0,6.628991
1060970.0,6.635676
1064623.0,6.637001
1068275.0,6.638321
1075580.0,6.640948
1075583.0,6.640948
1078179.0,6.641786
1080774.0,6.642621
1085965.0,6.644287
1096350.0,6.647596
1098751.0,6.647918
1101152.0,6.64824
1105954.0,6.648883
1115557.0,6.650171
1125160.0,6.651457
1134763.0,6.652743
1153969.0,6.655311
1173175.0,6.657874
1192382.0,6.660433
1211588.0,6.662987
1230794.0,6.665534
1250000.0,6.668075
1264914.0,6.663753
1279828.0,6.659589
1294742.0,6.655577
1309655.0,6.651713
1324569.0,6.647991
1339483.0,6.644405
1354397.0,6.640954
1369310.0,6.637629
1385647.0,6.633266
1401983.0,6.629062
1418319.0,6.625014
1434655.0,6.621114
1450992.0,6.617358
1467328.0,6.613743
1483664.0,6.61026
1500000.0,6.606907
1515625.0,6.595972
1531250.0,6.58532
1546875.0,6.574942
1562500.0,6.56483
1578125.0,6.554976
1593750.0,6.545372
1609375.0,6.536012
1625000.0,6.526886
1640625.0,6.51799
1656250.0,6.509316
1671875.0,6.500858
1687500.0,6.492609
1703125.0,6.484564
1718750.0,6.476716
1734375.0,6.469062
1750000.0,6.461594
1765625.0,6.447585
1781250.0,6.433867
1796875.0,6.420431
1812500.0,6.407269
1828125.0,6.394375
1843750.0,6.381743
1859375.0,6.369364
1875000.0,6.357234
1890625.0,6.345345
1906250.0,6.333691
1921875.0,6.322266
1937500.0,6.311066
1953125.0,6.300083
1968750.0,6.289315
1984375.0,6.278754
2000000.0,6.268395
2026670.0,6.237596
2053340.0,6.207669
2080010.0,6.178577
2106680.0,6.150287
2133350.0,6.12277
2160020.0,6.095995
2186690.0,6.069935
2213360.0,6.044565
2242877.0,6.014698
2272393.0,5.985692
2301909.0,5.957513
2331425.0,5.93013
2360942.0,5.903509
2390458.0,5.877625
2419974.0,5.852448
2449490.0,5.827953
2481328.0,5.80039
2513165.0,5.77362
2545003.0,5.747613
2576840.0,5.72234
2593587.0,5.708677
2610333.0,5.695218
2627079.0,5.681957
2643825.0,5.668891
2660572.0,5.656014
2677318.0,5.643325
2694064.0,5.630818
2710810.0,5.618491
2728427.0,5.605047
2746043.0,5.591806
2763659.0,5.578764
2781275.0,5.565916
2798892.0,5.553258
2816508.0,5.540786
2834124.0,5.5285
2851740.0,5.516391
2880290.0,5.496514
2908840.0,5.477103
2914538.0,5.473151
2920235.0,5.469217
2925933.0,5.465301
2931630.0,5.461405
2937328.0,5.457525
2943025.0,5.453664
2948723.0,5.449822
2954420.0,5.445997
2960118.0,5.44219
2965815.0,5.438401
2971513.0,5.434629
2977210.0,5.430874
2982908.0,5.427137
2988605.0,5.423418
2994303.0,5.419715
3000000.0,5.416029
3006991.0,5.409373
3013982.0,5.402749
3020973.0,5.396155
3027964.0,5.389591
3034955.0,5.383058
3041946.0,5.376556
3048937.0,5.370083
3055928.0,5.36364
3062919.0,5.357227
3069910.0,5.350843
3076901.0,5.344488
3083892.0,5.338162
3090883.0,5.331865
3097874.0,5.325596
3104865.0,5.319356
3111855.0,5.313144
3118846.0,5.30696
3125837.0,5.300804
3132828.0,5.294675
3139819.0,5.288573
3146810.0,5.282499
3153801.0,5.276451
3160792.0,5.27043
3167783.0,5.264436
3174774.0,5.258468
3181765.0,5.252527
3188756.0,5.24661
3195747.0,5.240722
3202738.0,5.234858
3209729.0,5.229019
3216720.0,5.223205
3223710.0,5.217419
3231223.0,5.210987
3238735.0,5.204587
3246247.0,5.198217
3253759.0,5.191876
3261272.0,5.185564
3268784.0,5.179282
3276296.0,5.173029
3283808.0,5.166805
3291321.0,5.160609
3298833.0,5.154442
3306345.0,5.148303
3313857.0,5.142192
3321369.0,5.13611
3328881.0,5.130056
3336393.0,5.124028
3343905.0,5.118028
3351418.0,5.112054
3358930.0,5.106107
3366442.0,5.100188
3373954.0,5.094295
3381467.0,5.088428
3388979.0,5.082587
3396491.0,5.076772
3404003.0,5.070983
3411516.0,5.06522
3419028.0,5.059483
3426540.0,5.05377
3434052.0,5.048082
3441564.0,5.04242
3449076.0,5.036783
3456588.0,5.03117
3464100.0,5.025582
3472028.0,5.019542
3479955.0,5.01353
3487883.0,5.007544
3495810.0,5.001587
3503738.0,4.995658
3511665.0,4.989755
3519593.0,4.98388
3527520.0,4.978031
3535448.0,4.972208
3543375.0,4.966413
3551303.0,4.960642
3559230.0,4.954899
3567158.0,4.949181
3575085.0,4.943489
3583013.0,4.937822
3590940.0,4.93218
3599158.0,4.926246
3607375.0,4.92034
3615593.0,4.914459
3623810.0,4.908607
3632028.0,4.902781
3640245.0,4.896983
3648463.0,4.89121
3656680.0,4.885465
3664898.0,4.879745
3673115.0,4.874052
3681333.0,4.868384
3689550.0,4.862743
3697768.0,4.857126
3705985.0,4.851535
3714203.0,4.845969
3722420.0,4.840428
3730939.0,4.834598
3739457.0,4.828798
3747975.0,4.823022
3756493.0,4.817273
3765011.0,4.811552
3773529.0,4.805858
3782047.0,4.800189
3790565.0,4.794546
3799084.0,4.788929
3807602.0,4.783338
3816120.0,4.777772
3824638.0,4.772232
3833156.0,4.766717
3841674.0,4.761227
3850192.0,4.755763
3858710.0,4.750321
3867462.0,4.744673
3876213.0,4.739052
3884964.0,4.733457
3893715.0,4.727887
3902467.0,4.722342
3911218.0,4.716824
3919969.0,4.71133
3928720.0,4.705862
3937630.0,4.700265
3946540.0,4.694696
3955450.0,4.689153
3964360.0,4.683635
3973270.0,4.678142
3982180.0,4.672674
3991090.0,4.667231
4000000.0,4.661815
4007172.0,4.657719
4014344.0,4.653635
4021516.0,4.649564
4028687.0,4.645505
4035859.0,4.641458
4043030.0,4.637424
4050202.0,4.6334
4057373.0,4.62939
4064545.0,4.62539
4071716.0,4.621404
4078888.0,4.617428
4086059.0,4.613464
4093231.0,4.609512
4100402.0,4.605571
4107574.0,4.601642
4114745.0,4.597725
4121917.0,4.593818
4129089.0,4.589922
4136261.0,4.586039
4143432.0,4.582166
4150604.0,4.578304
4157775.0,4.574454
4164947.0,4.570614
4172118.0,4.566786
4179290.0,4.562968
4186461.0,4.559161
4193633.0,4.555365
4200804.0,4.551581
4207976.0,4.547805
4215147.0,4.544042
4222319.0,4.540288
4229490.0,4.536546
4237073.0,4.532558
4244656.0,4.528582
4252239.0,4.524617
4259822.0,4.520665
4267405.0,4.516724
4274988.0,4.512794
4282571.0,4.508876
4290153.0,4.50497
4297736.0,4.501075
4305319.0,4.497192
4312902.0,4.49332
4320484.0,4.489459
4328067.0,4.485608
4335650.0,4.48177
4343233.0,4.477941
4350815.0,4.474126
4358398.0,4.470319
4365981.0,4.466523
4373564.0,4.46274
4381147.0,4.458966
4388730.0,4.455203
4396313.0,4.45145
4403896.0,4.447709
4411478.0,4.443978
4419061.0,4.440257
4426644.0,4.436547
4434227.0,4.432846
4441809.0,4.429158
4449392.0,4.425478
4456975.0,4.42181
4464558.0,4.418151
4472140.0,4.414503
4480047.0,4.410684
4487953.0,4.406875
4495859.0,4.403078
4503765.0,4.399292
4511672.0,4.395516
4519578.0,4.391752
4527484.0,4.387997
4535390.0,4.384254
4543297.0,4.380521
4551203.0,4.3768
4559109.0,4.373089
4567015.0,4.369387
4574922.0,4.365696
4582828.0,4.362016
4590734.0,4.358346
4598640.0,4.354687
4606770.0,4.350918
4614899.0,4.347159
4623029.0,4.343413
4631158.0,4.339677
4639288.0,4.335951
4647417.0,4.332236
4655546.0,4.328531
4663675.0,4.324837
4671805.0,4.321154
4679934.0,4.31748
4688064.0,4.313818
4696193.0,4.310165
4704323.0,4.306522
4712452.0,4.302891
4720581.0,4.299269
4728710.0,4.295657
4737012.0,4.291968
4745313.0,4.28829
4753614.0,4.284622
4761915.0,4.280964
4770217.0,4.277316
4778518.0,4.27368
4786819.0,4.270053
4795120.0,4.266437
4803538.0,4.262772
4811955.0,4.259117
4820373.0,4.255473
4828790.0,4.251839
4837208.0,4.248216
4845625.0,4.244601
4854043.0,4.240999
4862460.0,4.237405
4870997.0,4.233764
4879533.0,4.230135
4888069.0,4.226514
4896605.0,4.222905
4905142.0,4.219306
4913678.0,4.215717
4922214.0,4.212138
4930750.0,4.208568
4939407.0,4.204953
4948063.0,4.201347
4956719.0,4.197751
4965375.0,4.194167
4974032.0,4.190591
4982688.0,4.187026
4991344.0,4.183471
5000000.0,4.179925
5007287.0,4.178459
5014574.0,4.176995
5021861.0,4.175534
5029148.0,4.174076
5036435.0,4.172619
5043722.0,4.171167
5051009.0,4.169717
5058295.0,4.168269
5065582.0,4.166824
5072869.0,4.165381
5080156.0,4.163942
5087443.0,4.162504
5094730.0,4.16107
5102017.0,4.159638
5109304.0,4.158207
5116590.0,4.156781
5123877.0,4.155356
5131164.0,4.153934
5138451.0,4.152515
5145738.0,4.151098
5153025.0,4.149684
5160312.0,4.148272
5167599.0,4.146862
5174885.0,4.145456
5182172.0,4.144051
5189459.0,4.142649
5196746.0,4.14125
5204033.0,4.139853
5211320.0,4.138458
5218607.0,4.137065
5225894.0,4.135676
5233180.0,4.134288
5240807.0,4.132837
5248434.0,4.131388
5256061.0,4.129943
5263687.0,4.1285
5271314.0,4.127059
5278940.0,4.125621
5286567.0,4.124187
5294193.0,4.122754
5301820.0,4.121323
5309446.0,4.119895
5317073.0,4.11847
5324699.0,4.117047
5332326.0,4.115627
5339952.0,4.114209
5347579.0,4.112794
5355205.0,4.111382
5362832.0,4.109971
5370459.0,4.108564
5378086.0,4.107158
5385712.0,4.105755
5393339.0,4.104354
5400965.0,4.102956
5408592.0,4.10156
5416218.0,4.100167
5423845.0,4.098775
5431471.0,4.097387
5439098.0,4.096
5446724.0,4.094617
5454351.0,4.093237
5461977.0,4.091857
5469604.0,4.09048
5477230.0,4.089106
5485122.0,4.087687
5493013.0,4.08627
5500904.0,4.084857
5508795.0,4.083446
5516687.0,4.082037
5524578.0,4.08063
5532469.0,4.079226
5540360.0,4.077824
5548252.0,4.076425
5556143.0,4.075027
5564034.0,4.073633
5571925.0,4.072242
5579817.0,4.070851
5587708.0,4.069465
5595599.0,4.068079
5603490.0,4.066695
5611564.0,4.065285
5619637.0,4.063876
5627710.0,4.062469
5635783.0,4.061065
5643856.0,4.059664
5651929.0,4.058264
5660002.0,4.056867
5668075.0,4.055473
5676149.0,4.054081
5684222.0,4.052691
5692295.0,4.051303
5700368.0,4.049919
5708441.0,4.048536
5716514.0,4.047155
5724587.0,4.045777
5732660.0,4.044401
5740873.0,4.043005
5749085.0,4.041612
5757298.0,4.040219
5765510.0,4.03883
5773723.0,4.037444
5781935.0,4.036059
5790148.0,4.034677
5798360.0,4.033296
5806667.0,4.031905
5814973.0,4.030516
5823279.0,4.029129
5831585.0,4.027745
5839892.0,4.026362
5848198.0,4.024981
5856504.0,4.023604
5864810.0,4.022229
5873212.0,4.020841
5881613.0,4.019454
5890014.0,4.018071
5898415.0,4.016689
5906817.0,4.015309
5915218.0,4.013933
5923619.0,4.012559
5932020.0,4.011186
5940518.0,4.009801
5949015.0,4.008419
5957513.0,4.007038
5966010.0,4.00566
5974508.0,4.004284
5983005.0,4.00291
5991503.0,4.001539
6000000.0,4.000169
6014734.0,4.001213
6029468.0,4.00226
6044202.0,4.003314
6058935.0,4.004371
6073669.0,4.005434
6088403.0,4.006499
6103137.0,4.007572
6117870.0,4.008648
6132604.0,4.00973
6147338.0,4.010815
6162072.0,4.011905
6176805.0,4.013
6191539.0,4.014099
6206273.0,4.015203
6221007.0,4.016311
6235740.0,4.017424
6249417.0,4.018404
6263093.0,4.019387
6276769.0,4.020374
6290445.0,4.021364
6304122.0,4.022358
6317798.0,4.023356
6331474.0,4.024357
6345150.0,4.025362
6362099.0,4.02651
6379048.0,4.027666
6395997.0,4.028828
6412945.0,4.029997
6429894.0,4.031172
6446843.0,4.032355
6463792.0,4.033544
6480740.0,4.034739
6496502.0,4.035805
6512263.0,4.036876
6528024.0,4.037953
6543785.0,4.039037
6559547.0,4.040124
6575308.0,4.041219
6591069.0,4.042317
6606830.0,4.043423
6622898.0,4.044491
6638965.0,4.045563
6655033.0,4.046641
6671100.0,4.047726
6687168.0,4.048815
6703235.0,4.049912
6719303.0,4.051013
6735370.0,4.05212
6751670.0,4.053201
6767970.0,4.054288
6784270.0,4.05538
6800570.0,4.056479
6817030.0,4.057561
6833490.0,4.05865
6849950.0,4.059743
6866410.0,4.060843
6893755.0,4.062635
6921100.0,4.064442
6932880.0,4.065205
6962380.0,4.067145
6981190.0,4.068359
7000000.0,4.069577
7029703.0,4.075117
7059405.0,4.080734
7089108.0,4.086427
7118810.0,4.092196
7148513.0,4.098039
7178215.0,4.103956
7207918.0,4.109947
7237620.0,4.116011
7268332.0,4.121621
7299043.0,4.127308
7329754.0,4.133068
7360465.0,4.138902
7391177.0,4.14481
7421888.0,4.15079
7452599.0,4.15684
7483310.0,4.162964
7514798.0,4.168776
7546285.0,4.174662
7577773.0,4.180619
7609260.0,4.186647
7641280.0,4.192493
7673300.0,4.198411
7705320.0,4.2044
7737340.0,4.21046
7753550.0,4.213421
7769760.0,4.216399
7785970.0,4.219395
7802180.0,4.222409
7818528.0,4.225382
7834875.0,4.228372
7851223.0,4.23138
7867570.0,4.234406
7884055.0,4.237386
7900540.0,4.240384
7917025.0,4.2434
7933510.0,4.246433
7950133.0,4.249422
7966755.0,4.252429
7983378.0,4.255453
8000000.0,4.258495
8014942.0,4.261391
8029884.0,4.264298
8044826.0,4.267217
8059768.0,4.270145
8074710.0,4.273085
8089652.0,4.276036
8104594.0,4.278997
8119535.0,4.281969
8134477.0,4.284952
8149419.0,4.287946
8164361.0,4.290949
8179303.0,4.293965
8194245.0,4.29699
8209187.0,4.300026
8224129.0,4.303073
8239070.0,4.306129
8254459.0,4.309061
8269847.0,4.312004
8285235.0,4.314957
8300623.0,4.317921
8316011.0,4.320895
8331399.0,4.32388
8346787.0,4.326876
8362175.0,4.329883
8377564.0,4.332899
8392952.0,4.335926
8408340.0,4.338963
8423728.0,4.342011
8439116.0,4.345069
8454504.0,4.348137
8469892.0,4.351216
8485280.0,4.354304
8501012.0,4.357305
8516743.0,4.360314
8532474.0,4.363334
8548205.0,4.366366
8563937.0,4.369406
8579668.0,4.372458
8595399.0,4.375519
8611130.0,4.378591
8627095.0,4.381608
8643060.0,4.384636
8659025.0,4.387675
8674990.0,4.390722
8690955.0,4.393781
8706920.0,4.39685
8722885.0,4.399928
8738850.0,4.403017
8754993.0,4.406069
8771135.0,4.409131
8787278.0,4.412202
8803420.0,4.415284
8822665.0,4.418978
8841910.0,4.422686
8848548.0,4.423906
8855185.0,4.42513
8861823.0,4.426357
8868460.0,4.427585
8876652.0,4.429112
8884843.0,4.430644
8893034.0,4.43218
8901225.0,4.433719
8909417.0,4.435263
8917608.0,4.436809
8925799.0,4.438361
8933990.0,4.439915
8942242.0,4.441448
8950493.0,4.442985
8958744.0,4.444524
8966995.0,4.446068
8975247.0,4.447616
8983498.0,4.449168
8991749.0,4.450722
9000000.0,4.452282
9007507.0,4.453483
9015014.0,4.454685
9022521.0,4.455887
9030027.0,4.457092
9037534.0,4.458297
9045040.0,4.459503
9052547.0,4.460709
9060053.0,4.461917
9067560.0,4.463126
9075066.0,4.464336
9082573.0,4.465548
9090079.0,4.466758
9097586.0,4.467971
9105092.0,4.469186
9112599.0,4.470399
9120105.0,4.471616
9127612.0,4.472832
9135119.0,4.47405
9142626.0,4.475268
9150132.0,4.476488
9157639.0,4.477709
9165145.0,4.478931
9172652.0,4.480153
9180158.0,4.481376
9187665.0,4.4826
9195171.0,4.483826
9202678.0,4.485052
9210184.0,4.486279
9217691.0,4.487508
9225197.0,4.488738
9232704.0,4.489967
9240210.0,4.491198
9244895.0,4.492
9249580.0,4.492802
9257417.0,4.494108
9265253.0,4.495415
9273089.0,4.496723
9280925.0,4.498033
9288762.0,4.499343
9296598.0,4.500654
9304434.0,4.501965
9312270.0,4.503279
9317725.0,4.504119
9323180.0,4.504959
9328635.0,4.5058
9334090.0,4.50664
9339545.0,4.507482
9345000.0,4.508324
9350455.0,4.509168
9355910.0,4.510011
9361365.0,4.510856
9366820.0,4.511699
9372275.0,4.512546
9377730.0,4.513392
9383185.0,4.514239
9388640.0,4.515086
9394095.0,4.515934
9399550.0,4.516783
9405005.0,4.517632
9410460.0,4.518482
9415915.0,4.519332
9421370.0,4.520183
9426825.0,4.521036
9432280.0,4.521888
9437735.0,4.52274
9443190.0,4.523593
9448645.0,4.524447
9454100.0,4.525302
9459555.0,4.526158
9465010.0,4.527014
9470465.0,4.52787
9475920.0,4.528727
9481375.0,4.529585
9486830.0,4.530444
9494691.0,4.531669
9502552.0,4.532896
9510413.0,4.534124
9518273.0,4.535354
9526134.0,4.536584
9533994.0,4.537817
9541855.0,4.53905
9549715.0,4.540284
9557576.0,4.541521
9565437.0,4.542757
9573298.0,4.543996
9581158.0,4.545234
9589019.0,4.546476
9596879.0,4.547717
9604740.0,4.54896
9612600.0,4.550204
9620565.0,4.551435
9628530.0,4.552668
9636495.0,4.553902
9644460.0,4.555136
9652425.0,4.556372
9660390.0,4.557609
9668355.0,4.558848
9676320.0,4.560088
9684285.0,4.561329
9692250.0,4.562571
9700215.0,4.563814
9708180.0,4.565058
9716145.0,4.566305
9724110.0,4.567551
9732075.0,4.5688
9740040.0,4.570049
9748110.0,4.571286
9756180.0,4.572524
9764250.0,4.573763
9772320.0,4.575004
9780390.0,4.576245
9788460.0,4.577487
9796530.0,4.578732
9804600.0,4.579977
9812670.0,4.581224
9820740.0,4.582471
9828810.0,4.58372
9836880.0,4.584969
9844950.0,4.58622
9853020.0,4.587473
9861090.0,4.588727
9869160.0,4.589981
9877310.0,4.591228
9885460.0,4.592475
9893610.0,4.593723
9901760.0,4.594974
9909910.0,4.596225
9918060.0,4.597477
9926210.0,4.598731
9934360.0,4.599985
9942565.0,4.601235
9950770.0,4.602485
9958975.0,4.603737
9967180.0,4.60499
9975385.0,4.606244
9983590.0,4.607499
9991795.0,4.608755
10000000.0,4.610013
10007290.0,4.610822
10014580.0,4.611631
10021870.0,4.61244
10029150.0,4.613248
10036440.0,4.614058
10043730.0,4.614868
10051020.0,4.615678
10058300.0,4.616486
10065590.0,4.617295
10072880.0,4.618105
10080170.0,4.618915
10087450.0,4.619725
10094740.0,4.620536
10102030.0,4.621346
10109320.0,4.622157
10116600.0,4.622967
10123890.0,4.623778
10131180.0,4.624589
10138470.0,4.625401
10145750.0,4.62621
10153040.0,4.627022
10160330.0,4.627833
10167620.0,4.628645
10174900.0,4.629456
10182190.0,4.630269
10189480.0,4.631081
10196770.0,4.631893
10204050.0,4.632705
10211340.0,4.633517
10218630.0,4.634331
10225920.0,4.635143
10233200.0,4.635955
10240490.0,4.636767
10247780.0,4.637581
10255070.0,4.638395
10262350.0,4.639207
10269640.0,4.640021
10276930.0,4.640835
10284220.0,4.641649
10291500.0,4.642462
10298790.0,4.643276
10306080.0,4.64409
10313370.0,4.644905
10320650.0,4.645718
10327940.0,4.646533
10335230.0,4.647347
10342520.0,4.648162
10349800.0,4.648976
10357090.0,4.649792
10364380.0,4.650607
10371670.0,4.651423
10378950.0,4.652236
10386240.0,4.653053
10393530.0,4.653868
10400820.0,4.654684
10408100.0,4.6555
10415390.0,4.656315
10422680.0,4.657132
10429970.0,4.657948
10437250.0,4.658764
10444540.0,4.659581
10451830.0,4.660398
10459120.0,4.661215
10466400.0,4.66203
10471830.0,4.662623
10477250.0,4.663213
10482680.0,4.663806
10488100.0,4.664397
10495390.0,4.665178
10502680.0,4.66596
10509970.0,4.666741
10517250.0,4.667522
10524540.0,4.668304
10531830.0,4.669087
10539120.0,4.669868
10546400.0,4.670651
10553690.0,4.671432
10560980.0,4.672216
10568270.0,4.672998
10575550.0,4.673778
10582840.0,4.674562
10590130.0,4.675345
10597420.0,4.676128
10604700.0,4.676911
10611990.0,4.677693
10619280.0,4.678477
10626570.0,4.679261
10633850.0,4.680044
10641140.0,4.680827
10648430.0,4.681611
10655720.0,4.682396
10663000.0,4.683178
10670290.0,4.683963
10677580.0,4.684747
10684870.0,4.685532
10692150.0,4.686315
10699440.0,4.6871
10706730.0,4.687885
10714020.0,4.68867
10721300.0,4.689454
10728590.0,4.69024
10735880.0,4.691024
10743170.0,4.69181
10750450.0,4.692594
10757740.0,4.69338
10765030.0,4.694166
10772320.0,4.694952
10779600.0,4.695737
10786890.0,4.696523
10794180.0,4.697309
10801470.0,4.698096
10808750.0,4.698881
10816040.0,4.699667
10823330.0,4.700453
10830620.0,4.701241
10837900.0,4.702027
10845190.0,4.702814
10852480.0,4.703601
10859770.0,4.704388
10867050.0,4.705175
10874340.0,4.705962
10881630.0,4.70675
10888920.0,4.707538
10896200.0,4.708324
10903490.0,4.709112
10910780.0,4.7099
10918070.0,4.710688
10925350.0,4.711475
10932640.0,4.712264
10939930.0,4.713053
10947220.0,4.713841
10954500.0,4.71463
10960190.0,4.715245
10965880.0,4.715862
10971570.0,4.716477
10977250.0,4.717092
10982940.0,4.717708
10988630.0,4.718324
10994320.0,4.71894
11000000.0,4.719555
11006470.0,4.720228
11012940.0,4.720902
11019410.0,4.721575
11025880.0,4.722248
11032350.0,4.722922
11038820.0,4.723595
11045290.0,4.724269
11051750.0,4.724943
11058220.0,4.725617
11064690.0,4.726292
11071160.0,4.726966
11077630.0,4.72764
11084100.0,4.728314
11090570.0,4.728988
11097040.0,4.729664
11103500.0,4.730337
11109970.0,4.731012
11116440.0,4.731687
11122910.0,4.732363
11129380.0,4.733038
11135850.0,4.733712
11142320.0,4.734389
11148790.0,4.735064
11155250.0,4.735738
11161720.0,4.736415
11168190.0,4.73709
11174660.0,4.737766
11181130.0,4.738443
11187600.0,4.739119
11194070.0,4.739795
11200540.0,4.740472
11207000.0,4.741147
11215030.0,4.741978
11223050.0,4.742808
11231080.0,4.74364
11239100.0,4.744471
11247130.0,4.745304
11255150.0,4.746135
11263180.0,4.746967
11271200.0,4.747798
11279230.0,4.748631
11287250.0,4.749463
11295280.0,4.750295
11303300.0,4.751128
11311330.0,4.751961
11319350.0,4.752794
11327380.0,4.753627
11335400.0,4.754459
11343520.0,4.755294
11351640.0,4.756128
11359760.0,4.756963
11367880.0,4.757798
11376000.0,4.758633
11384120.0,4.759469
11392240.0,4.760302
11400350.0,4.761137
11408470.0,4.761972
11416590.0,4.762809
11424710.0,4.763645
11432830.0,4.76448
11440950.0,4.765317
11449070.0,4.766153
11457190.0,4.766989
11465300.0,4.767825
11471250.0,4.768435
11477200.0,4.769045
11483150.0,4.769656
11489100.0,4.770266
11495830.0,4.77095
11502550.0,4.771633
11509280.0,4.772316
11516000.0,4.772998
11522730.0,4.773682
11529450.0,4.774365
11536180.0,4.775049
11542900.0,4.775732
11549630.0,4.776416
11556350.0,4.777099
11563080.0,4.777784
11569800.0,4.778467
11576530.0,4.779153
11583250.0,4.779835
11589980.0,4.78052
11596700.0,4.781205
11605010.0,4.782042
11613320.0,4.782881
11621630.0,4.78372
11629930.0,4.784558
11638240.0,4.785397
11646540.0,4.786236
11654850.0,4.787074
11663150.0,4.787913
11671460.0,4.788752
11679770.0,4.789592
11688080.0,4.790432
11696380.0,4.791271
11704690.0,4.792111
11712990.0,4.792951
11721300.0,4.793791
11729600.0,4.794631
11737980.0,4.795473
11746350.0,4.796313
11754730.0,4.797156
11763100.0,4.797996
11771480.0,4.798838
11779850.0,4.79968
11788230.0,4.800522
11796600.0,4.801364
11805030.0,4.802205
11813450.0,4.803047
11821880.0,4.803888
11830300.0,4.804729
11838730.0,4.805571
11847150.0,4.806414
11855580.0,4.807255
11864000.0,4.808097
11872480.0,4.808941
11880950.0,4.809785
11889430.0,4.810629
11897900.0,4.811473
11906380.0,4.812319
11914850.0,4.813163
11923330.0,4.814008
11931800.0,4.814852
11940330.0,4.815699
11948850.0,4.816546
11957380.0,4.817393
11965900.0,4.81824
11974430.0,4.819084
11982950.0,4.819929
11991480.0,4.820773
12000000.0,4.821618
12007370.0,4.822215
12014740.0,4.822813
12022110.0,4.82341
12029470.0,4.824008
12036840.0,4.824605
12044210.0,4.825203
12051580.0,4.825799
12058940.0,4.826395
12066310.0,4.826993
12073680.0,4.82759
12081050.0,4.828187
12088410.0,4.828784
12095780.0,4.82938
12103150.0,4.829977
12110520.0,4.830574
12117880.0,4.831169
12125250.0,4.831767
12132620.0,4.832362
12139990.0,4.832959
12147350.0,4.833555
12154720.0,4.834151
12162090.0,4.834748
12169460.0,4.835343
12176820.0,4.83594
12184190.0,4.836535
12191560.0,4.837132
12198930.0,4.837728
12206290.0,4.838323
12213660.0,4.838919
12221020.0,4.839514
12228390.0,4.840109
12235750.0,4.840705
12243120.0,4.8413
12250490.0,4.841895
12257860.0,4.842491
12265220.0,4.843086
12272590.0,4.843682
12279960.0,4.844277
12287330.0,4.844872
12294690.0,4.845467
12302060.0,4.846062
12309430.0,4.846657
12316800.0,4.847252
12324160.0,4.847846
12331530.0,4.848442
12338900.0,4.849036
12346270.0,4.849631
12353630.0,4.850225
12361000.0,4.850819
12368370.0,4.851414
12375740.0,4.852008
12383100.0,4.852603
12390470.0,4.853197
12397840.0,4.853792
12405210.0,4.854386
12412570.0,4.85498
12419940.0,4.855574
12427310.0,4.856169
12434680.0,4.856763
12442040.0,4.857356
12449410.0,4.85795
12456770.0,4.858542
12464140.0,4.859137
12471500.0,4.85973
12480750.0,4.860458
12490000.0,4.861187
12497370.0,4.861765
12504740.0,4.862344
12512110.0,4.862922
12519470.0,4.8635
12526840.0,4.864078
12534210.0,4.864657
12541580.0,4.865235
12548940.0,4.865813
12556310.0,4.866391
12563680.0,4.866969
12571050.0,4.867547
12578410.0,4.868125
12585780.0,4.868703
12593150.0,4.86928
12600520.0,4.869859
12607880.0,4.870437
12615250.0,4.871014
12622620.0,4.871592
12629990.0,4.87217
12637350.0,4.872747
12644720.0,4.873324
12652090.0,4.873903
12659460.0,4.87448
12666820.0,4.875057
12674190.0,4.875635
12681560.0,4.876212
12688930.0,4.87679
12696290.0,4.877367
12703660.0,4.877944
12711020.0,4.878521
12718390.0,4.879099
12725750.0,4.879675
12733120.0,4.880253
12740490.0,4.88083
12747860.0,4.881407
12755220.0,4.881983
12762590.0,4.88256
12769960.0,4.883138
12777330.0,4.883714
12784690.0,4.884291
12792060.0,4.884869
12799430.0,4.885446
12806800.0,4.886023
12814160.0,4.886599
12821530.0,4.887177
12828900.0,4.887754
12836270.0,4.888329
12843630.0,4.888907
12851000.0,4.889483
12858370.0,4.890061
12865740.0,4.890637
12873100.0,4.891213
12880470.0,4.89179
12887840.0,4.892367
12895210.0,4.892944
12902570.0,4.89352
12909940.0,4.894096
12917310.0,4.894673
12924680.0,4.895249
12932040.0,4.895826
12939410.0,4.896403
12946770.0,4.896978
12954140.0,4.897556
12961500.0,4.898132
12971130.0,4.898882
12980750.0,4.899632
12990380.0,4.900382
13000000.0,4.901132
13012300.0,4.902073
13024590.0,4.903013
13036890.0,4.903955
13049180.0,4.904895
13061480.0,4.905836
13073770.0,4.906776
13086060.0,4.907716
13098350.0,4.908655
13110650.0,4.909596
13122940.0,4.910536
13135240.0,4.911477
13147530.0,4.912416
13159830.0,4.913356
13172120.0,4.914295
13184410.0,4.915234
13196700.0,4.916174
13205150.0,4.916806
13213600.0,4.917438
13221600.0,4.918045
13229590.0,4.918649
13237590.0,4.919255
13245580.0,4.919859
13253580.0,4.920465
13261570.0,4.921068
13269560.0,4.921674
13277550.0,4.922278
13285550.0,4.922883
13293540.0,4.923488
13301540.0,4.924093
13309530.0,4.924697
13317530.0,4.925303
13325520.0,4.925907
13333510.0,4.92651
13341500.0,4.927115
13349580.0,4.927721
13357650.0,4.928327
13365730.0,4.928932
13373800.0,4.929538
13381880.0,4.930144
13389950.0,4.930749
13398030.0,4.931354
13406100.0,4.931959
13414180.0,4.932565
13422250.0,4.93317
13430330.0,4.933777
13438400.0,4.934381
13446480.0,4.934987
13454550.0,4.935591
13462630.0,4.936198
13470700.0,4.936802
13478850.0,4.93741
13487000.0,4.938018
13495150.0,4.938625
13503300.0,4.939234
13511450.0,4.939841
13519600.0,4.940449
13527750.0,4.941056
13535900.0,4.941664
13544050.0,4.942273
13552200.0,4.94288
13560350.0,4.943487
13568500.0,4.944095
13576650.0,4.944702
13584800.0,4.945311
13592950.0,4.945918
13601100.0,4.946525
13609340.0,4.947135
13617570.0,4.947745
13625800.0,4.948353
13634030.0,4.948963
13642260.0,4.949573
13650490.0,4.950181
13658720.0,4.950791
13666950.0,4.9514
13675190.0,4.95201
13683420.0,4.95262
13691650.0,4.953229
13699880.0,4.953839
13708110.0,4.954448
13716340.0,4.955057
13724570.0,4.955666
13732800.0,4.956275
13741090.0,4.956885
13749380.0,4.957495
13757670.0,4.958105
13765950.0,4.958714
13774240.0,4.959324
13782530.0,4.959934
13790820.0,4.960544
13799100.0,4.961153
13807440.0,4.961766
13815780.0,4.962379
13824120.0,4.962992
13832450.0,4.963604
13840790.0,4.964217
13849130.0,4.96483
13857470.0,4.965444
13865800.0,4.966057
13874170.0,4.966669
13882530.0,4.967279
13890890.0,4.967891
13899250.0,4.968501
13907620.0,4.969113
13915980.0,4.969725
13924340.0,4.970336
13932700.0,4.970947
13941120.0,4.971561
13949530.0,4.972176
13957940.0,4.97279
13966350.0,4.973405
13974770.0,4.97402
13983180.0,4.974635
13991590.0,4.975249
14000000.0,4.975864
14007620.0,4.976472
14015230.0,4.97708
14022840.0,4.977689
14030450.0,4.978296
14038070.0,4.978906
14045680.0,4.979512
14053290.0,4.980121
14060900.0,4.980728
14068520.0,4.981337
14076130.0,4.981945
14083740.0,4.982553
14091350.0,4.983162
14098970.0,4.983769
14106580.0,4.984378
14114190.0,4.984985
14121800.0,4.985594
14129420.0,4.986203
14137030.0,4.986811
14144640.0,4.987419
14152250.0,4.988027
14159870.0,4.988637
14167480.0,4.989244
14175090.0,4.989853
14182700.0,4.99046
14190320.0,4.99107
14197930.0,4.991678
14205540.0,4.992286
14213150.0,4.992894
14220770.0,4.993503
14228380.0,4.994113
14235990.0,4.99472
14243600.0,4.995329
14251350.0,4.995941
14259090.0,4.996551
14266840.0,4.997163
14274580.0,4.997775
14282330.0,4.998387
14290070.0,4.998998
14297810.0,4.999608
14305550.0,5.00022
14313300.0,5.000832
14321040.0,5.001444
14328790.0,5.002056
14336530.0,5.002667
14344280.0,5.003279
14352020.0,5.003891
14359760.0,5.004502
14367500.0,5.005114
14375250.0,5.005726
14382990.0,5.006339
14390740.0,5.006952
14398480.0,5.007563
14406230.0,5.008176
14413970.0,5.008788
14421710.0,5.0094
14429450.0,5.010012
14437200.0,5.010625
14444940.0,5.011237
14452690.0,5.011851
14460430.0,5.012463
14468180.0,5.013077
14475920.0,5.013689
14483660.0,5.014301
14491400.0,5.014915
14500000.0,5.015588
14515220.0,5.01677
14530440.0,5.017952
14545660.0,5.019135
14560880.0,5.020317
14576100.0,5.0215
14591320.0,5.022683
14606540.0,5.023866
14621750.0,5.025049
14636970.0,5.026234
14652190.0,5.027418
14667410.0,5.028602
14682630.0,5.029786
14697850.0,5.030973
14713070.0,5.032158
14728290.0,5.033344
14743500.0,5.034529
14759470.0,5.03576
14775430.0,5.036992
14791390.0,5.038224
14807350.0,5.039456
14823320.0,5.040689
14839280.0,5.041921
14855240.0,5.043155
14871200.0,5.044389
14887300.0,5.045622
14903400.0,5.046857
14919500.0,5.048092
14935600.0,5.049327
14951700.0,5.050562
14967800.0,5.051799
14983900.0,5.053036
15000000.0,5.054273
15007630.0,5.054737
15015250.0,5.0552
15022880.0,5.055664
15030500.0,5.056128
15038130.0,5.056591
15045750.0,5.057055
15053380.0,5.05752
15061000.0,5.057985
15068630.0,5.058448
15076250.0,5.058913
15083880.0,5.059378
15091500.0,5.059843
15099130.0,5.060308
15106750.0,5.060773
15114380.0,5.061239
15122000.0,5.061704
15129630.0,5.062169
15137250.0,5.062635
15144880.0,5.063101
15152500.0,5.063567
15160130.0,5.064033
15167750.0,5.0645
15175380.0,5.064966
15183000.0,5.065433
15190630.0,5.0659
15198250.0,5.066366
15205880.0,5.066833
15213500.0,5.0673
15221130.0,5.067768
15228750.0,5.068236
15236380.0,5.068703
15244000.0,5.069171
15251750.0,5.069637
15259500.0,5.070103
15267250.0,5.07057
15274990.0,5.071034
15282740.0,5.071501
15290490.0,5.071967
15298240.0,5.072436
15305980.0,5.072901
15313730.0,5.073369
15321480.0,5.073836
15329230.0,5.074304
15336970.0,5.074771
15344720.0,5.075239
15352460.0,5.075706
15360210.0,5.076174
15367950.0,5.076643
15375700.0,5.077112
15383450.0,5.07758
15391200.0,5.07805
15398940.0,5.078517
15406690.0,5.078987
15414440.0,5.079456
15422190.0,5.079927
15429930.0,5.080397
15437680.0,5.080866
15445430.0,5.081336
15453180.0,5.081807
15460920.0,5.082278
15468670.0,5.082748
15476410.0,5.083219
15484160.0,5.083689
15491900.0,5.084161
15504130.0,5.084897
15516350.0,5.085631
15528580.0,5.086368
15540800.0,5.087104
15553500.0,5.087855
15566190.0,5.088609
15578890.0,5.089362
15591580.0,5.090115
15604280.0,5.090869
15616970.0,5.091623
15629660.0,5.092378
15642350.0,5.093134
15655050.0,5.093889
15667740.0,5.094645
15680440.0,5.095403
15693130.0,5.096159
15705830.0,5.096917
15718520.0,5.097675
15731210.0,5.098433
15743900.0,5.099191
15746300.0,5.099335
15761940.0,5.100254
15777580.0,5.101173
15793220.0,5.102094
15808850.0,5.103015
15824490.0,5.103936
15840130.0,5.10486
15855770.0,5.105783
15871400.0,5.106707
15879440.0,5.107178
15887480.0,5.107646
15895520.0,5.108117
15903550.0,5.108587
15911590.0,5.109056
15919630.0,5.109528
15927670.0,5.109998
15935700.0,5.110469
15943740.0,5.11094
15951780.0,5.111412
15959820.0,5.111884
15967850.0,5.112355
15975890.0,5.112827
15983930.0,5.113301
15991970.0,5.113773
16000000.0,5.114245
16014950.0,5.113616
16029890.0,5.112987
16044840.0,5.11236
16059780.0,5.111734
16074730.0,5.11111
16089670.0,5.110486
16104610.0,5.109865
16119550.0,5.109245
16134500.0,5.108625
16149440.0,5.108008
16164390.0,5.107391
16179330.0,5.106776
16194280.0,5.106162
16209220.0,5.105549
16224160.0,5.104939
16239100.0,5.104329
16254050.0,5.10372
16268990.0,5.103113
16283940.0,5.102508
16298880.0,5.101903
16313830.0,5.1013
16328770.0,5.100699
16343710.0,5.100099
16358650.0,5.0995
16373600.0,5.098902
16388540.0,5.098305
16403490.0,5.097711
16418430.0,5.097118
16433380.0,5.096526
16448320.0,5.095935
16463260.0,5.095347
16478200.0,5.094759
16493590.0,5.094132
16508980.0,5.093508
16524370.0,5.092885
16539750.0,5.092264
16555140.0,5.091645
16570530.0,5.091025
16585920.0,5.090408
16601300.0,5.089794
16616690.0,5.08918
16632080.0,5.088568
16647470.0,5.087958
16662850.0,5.087349
16678240.0,5.086741
16693630.0,5.086136
16709020.0,5.085532
16724400.0,5.084929
16739790.0,5.084329
16755180.0,5.083729
16770570.0,5.083131
16785950.0,5.082536
16801340.0,5.081941
16816730.0,5.081348
16832120.0,5.080757
16847500.0,5.080169
16862890.0,5.079581
16878280.0,5.078994
16893670.0,5.07841
16909050.0,5.077828
16924440.0,5.077247
16939830.0,5.076667
16955220.0,5.07609
16970600.0,5.075515
16985300.0,5.074954
17000000.0,5.074394
17013900.0,5.073851
17027790.0,5.073309
17041690.0,5.072769
17055580.0,5.07223
17069480.0,5.071691
17083370.0,5.071153
17097260.0,5.070616
17111150.0,5.07008
17125050.0,5.069545
17138940.0,5.069011
17152840.0,5.068478
17166730.0,5.067946
17180630.0,5.067415
17194520.0,5.066885
17208410.0,5.066356
17222300.0,5.065828
17238270.0,5.065214
17254230.0,5.064603
17270190.0,5.063991
17286150.0,5.063382
17302120.0,5.062774
17318080.0,5.062168
17334040.0,5.061562
17350000.0,5.060957
17365970.0,5.060355
17381930.0,5.059754
17397890.0,5.059153
17413850.0,5.058554
17429820.0,5.057957
17445780.0,5.057362
17461740.0,5.056767
17477700.0,5.056173
17493840.0,5.055568
17509980.0,5.054966
17526120.0,5.054364
17542250.0,5.053764
17558390.0,5.053166
17574530.0,5.052568
17590670.0,5.051973
17606800.0,5.051379
17623070.0,5.050776
17639330.0,5.050174
17655590.0,5.049574
17671850.0,5.048976
17688120.0,5.048379
17704380.0,5.047783
17720640.0,5.04719
17736900.0,5.046598
17753290.0,5.045998
17769680.0,5.045398
17786070.0,5.044801
17802450.0,5.044206
17818840.0,5.043611
17835230.0,5.043018
17851620.0,5.042427
17868000.0,5.041839
17884480.0,5.041243
17900950.0,5.04065
17917430.0,5.040057
17933900.0,5.039468
17950430.0,5.038874
17966950.0,5.038283
17983480.0,5.037693
18000000.0,5.037105
18015020.0,5.034658
18030030.0,5.032217
18045040.0,5.029778
18060050.0,5.027342
18075070.0,5.024907
18090080.0,5.022475
18105090.0,5.020048
18120100.0,5.017623
18135120.0,5.0152
18150130.0,5.01278
18165140.0,5.010364
18180150.0,5.007951
18195170.0,5.005539
18210180.0,5.003132
18225190.0,5.000726
18240200.0,4.998324
18255220.0,4.995922
18270230.0,4.993527
18285240.0,4.991133
18300250.0,4.988742
18315270.0,4.986352
18330280.0,4.983968
18345290.0,4.981586
18360300.0,4.979206
18375320.0,4.976828
18390330.0,4.974454
18405340.0,4.972083
18420350.0,4.969715
18435370.0,4.967349
18450380.0,4.964986
18465390.0,4.962626
18480400.0,4.960269
18495820.0,4.957862
18511240.0,4.955458
18526660.0,4.953058
18542070.0,4.950661
18557490.0,4.948266
18572900.0,4.945875
18588320.0,4.943485
18603730.0,4.941101
18619150.0,4.938717
18634560.0,4.936339
18649980.0,4.933962
18665390.0,4.931589
18680810.0,4.929218
18696220.0,4.926852
18711640.0,4.924487
18727050.0,4.922127
18742470.0,4.919768
18757890.0,4.917412
18773310.0,4.91506
18788720.0,4.912712
18804140.0,4.910366
18819550.0,4.908024
18834970.0,4.905684
18850380.0,4.903348
18865800.0,4.901015
18881210.0,4.898686
18896630.0,4.896359
18912040.0,4.894038
18927460.0,4.891717
18942870.0,4.889402
18958290.0,4.887088
18973700.0,4.884781
18986850.0,4.882814
19000000.0,4.88085
19028150.0,4.87664
19056300.0,4.872436
19084450.0,4.868242
19112600.0,4.864055
19140750.0,4.859877
19168900.0,4.855706
19197050.0,4.851543
19225200.0,4.847389
19257070.0,4.842714
19288930.0,4.838051
19320790.0,4.833399
19352650.0,4.828757
19384520.0,4.824123
19416380.0,4.819502
19448240.0,4.814892
19480100.0,4.810291
19512280.0,4.805669
19544450.0,4.80106
19576630.0,4.796459
19608800.0,4.791871
19641180.0,4.787271
19673550.0,4.782684
19705930.0,4.778105
19738300.0,4.77354
19770900.0,4.768955
19803500.0,4.764382
19836100.0,4.75982
19868700.0,4.75527
19901450.0,4.750718
19934200.0,4.746178
19967100.0,4.741628
20000000.0,4.73709
