energy (eV),count,cdf,cos
9.999999999999999e-06,3,[0.5 0.5 0.5][0.  0.5 1. ],[-1.  0.  1.]
0.025300000000000003,3,[0.5 0.5 0.5][0.  0.5 1. ],[-1.  0.  1.]
1.0,3,[0.5 0.5 0.5][0.  0.5 1. ],[-1.  0.  1.]
100.0,3,[0.4999946 0.4999999 0.5000055][0.        0.4999973 1.       ],[-1.  0.  1.]
1000.0,3,[0.4998651 0.4999802 0.5001746][0.        0.4999227 1.       ],[-1.  0.  1.]
10000.0,4,[0.4983037 0.4975007 0.5037042 0.5067635][0.        0.4356644 0.8736915 1.       ],[-1.    -0.125  0.75   1.   ]
25000.0,6,[0.4956362 0.4909195 0.4924732 0.5003017 0.5143692 0.5252286][0.        0.2160557 0.430927  0.6483447 0.8700503 1.       ],[-1.    -0.562 -0.125  0.313  0.75   1.   ]
30000.0,6,[0.494118  0.4884798 0.4906135 0.5005226 0.5181625 0.531739 ][0.        0.2151889 0.4291208 0.6461796 0.8687623 1.       ],[-1.    -0.562 -0.125  0.313  0.75   1.   ]
50000.0,8,[0.4868361 0.4795237 0.4791301 0.4856086 0.4989529 0.5192037 0.546266  0.5590416][0.         0.15123532 0.30078533 0.45152574 0.60536346 0.76470498  0.93091829 1.        ],[-1.     -0.687  -0.375  -0.0625  0.25    0.563   0.875   1.    ]
70000.0,9,[0.4780155 0.4699867 0.4681989 0.4725874 0.4831126 0.4997596 0.522538  0.5514826 0.5866528][0.        0.1185003 0.2357735 0.3533718 0.4728343 0.5956933 0.7234805  0.8577331 1.       ],[-1.   -0.75 -0.5  -0.25  0.    0.25  0.5   0.75  1.  ]
100000.0,11,[0.4640807 0.4555571 0.4521783 0.4537886 0.4602821 0.4716325 0.4878006  0.5088504 0.5346269 0.5767376 0.6278189][0.         0.08644595 0.1713192  0.2564801  0.3419457  0.4293127  0.5192596  0.6129448  0.7105099  0.8494305  1.        ],[-1.     -0.812  -0.625  -0.437  -0.25   -0.0625  0.125   0.313   0.5   0.75    1.    ]
226000.0,17,[0.4205256 0.4059625 0.3965103 0.391325  0.3917522 0.3974189 0.4080286  0.4233615 0.4489121 0.4744564 0.5045386 0.5392645 0.5788164 0.6234535  0.6735114 0.7294027 0.7916166][0.         0.04545685 0.08919162 0.1384313  0.1873736  0.2366968  0.2870373  0.3389992  0.4070365  0.464747   0.5259342  0.5911719  0.661052   0.7361939  0.8172542  0.9049363  1.        ],[-1.    -0.89  -0.781 -0.656 -0.531 -0.406 -0.281 -0.156  0.     0.125   0.25   0.375  0.5    0.625  0.75   0.875  1.   ]
300000.0,19,[0.4108599 0.3906542 0.376101  0.3667429 0.3621969 0.3620096 0.3659451  0.3737429 0.3850515 0.4056125 0.4321046 0.4644344 0.5026622 0.5470023  0.5978228 0.6556458 0.7211476 0.7951588 0.8786645][0.         0.03767116 0.07370865 0.1086223  0.142518   0.1765557  0.2107696  0.2455349  0.2808188  0.3302353  0.3825926  0.4386263  0.4990698  0.5646738  0.6362254  0.7145672  0.8006168  0.895386  1.        ],[-1.    -0.906 -0.812 -0.718 -0.625 -0.531 -0.437 -0.343 -0.25  -0.125   0.     0.125  0.25   0.375  0.5    0.625  0.75   0.875  1.   ]
400000.0,22,[0.4136842 0.3856497 0.3640506 0.3479914 0.3370167 0.3307151 0.3287188  0.3300269 0.3363912 0.3478305 0.3639749 0.3844171 0.4092321 0.4434352  0.4902253 0.5446975 0.6078539 0.6806444 0.7643069 0.860369  0.9706485  0.9849346][0.         0.03157369 0.060812   0.08858164 0.115297   0.1413385  0.1670564  0.1878069  0.2187953  0.2509537  0.2844086  0.3193211  0.3565036  0.402974   0.4617946  0.5264773  0.5985118  0.6790429  0.7693524  0.8708946  0.9853332  1.        ],[-1.     -0.921  -0.843  -0.765  -0.687  -0.609  -0.531  -0.468  -0.375  -0.281  -0.187  -0.0937  0.      0.109   0.235   0.36    0.485   0.61   0.735   0.86    0.985   1.    ]
500000.0,25,[0.4297647 0.3971226 0.3703874 0.3482856 0.3311447 0.3180585 0.309124  0.3037567 0.3018643 0.3031461 0.308892  0.3189186 0.3299496 0.3507676  0.3770198 0.4083926 0.4452649 0.4868397 0.5431971 0.6074117 0.6925765  0.7918699 0.9076252 1.039139  1.079455 ][0.         0.02604695 0.04983977 0.07247797 0.09354031 0.11399021  0.13343291 0.15273861 0.17151292 0.19057072 0.21444022 0.23892482  0.25936413 0.29101743 0.32515063 0.36194724 0.40228254 0.44562545  0.50227745 0.56498566 0.64623496 0.73901287 0.84523128 0.9639839  1.        ],[-1.     -0.937  -0.875  -0.812  -0.75   -0.687  -0.625  -0.562  -0.5  -0.437  -0.359  -0.281  -0.218  -0.125  -0.0312  0.0625  0.157   0.25   0.36    0.469   0.594   0.719   0.844   0.966   1.    ]
600000.0,28,[0.4541518 0.4132564 0.3798325 0.3532691 0.3346211 0.3187055 0.3057645  0.2929305 0.2844575 0.2802549 0.2798598 0.2830025 0.2895356 0.3019756  0.3189357 0.3401605 0.3656078 0.4016384 0.4439415 0.4925762 0.5475024  0.6105982 0.6953261 0.7346343 0.8229117 0.9230807 1.036781  1.164399 ][0.         0.02602226 0.04902184 0.06918213 0.08500361 0.10035682  0.11503182 0.13359133 0.15177903 0.16928513 0.18692874 0.20437744  0.22241244 0.24548135 0.26969685 0.29536866 0.32292897 0.35891277  0.39873958 0.44275589 0.4911196  0.54555031 0.61737612 0.65026523  0.72346994 0.80553156 0.89764508 1.        ],[-1.     -0.94   -0.882  -0.827  -0.781  -0.734  -0.687  -0.625  -0.562  -0.5    -0.437  -0.375  -0.312  -0.234  -0.156  -0.0781  0.      0.0938   0.188   0.282   0.375   0.469   0.579   0.625   0.719   0.813   0.907   1.    ]
700000.0,31,[0.4826966 0.4354374 0.3963279 0.3670786 0.3381005 0.3147533 0.2982447  0.2830976 0.2721156 0.2658953 0.2621385 0.2608429 0.2626464 0.2682887  0.2773339 0.2898624 0.3053186 0.3290744 0.3574522 0.3903146 0.4286018  0.471488  0.5198074 0.5837246 0.6482313 0.7179608 0.8099695 0.9027893  1.003167  1.129477  1.241687 ][0.         0.02570775 0.04816541 0.06610546 0.08549789 0.1031249  0.1175304  0.1335173  0.1487857  0.16116    0.1735688  0.1858589  0.2020871  0.2188116  0.2357259  0.2535926  0.2720432  0.296848  0.3236569  0.3527076  0.3850548  0.4201583  0.4588188  0.5090295  0.5589237  0.6122052  0.681726   0.7510927  0.825425   0.918195  1.        ],[-1.     -0.944  -0.89   -0.843  -0.788  -0.734  -0.687  -0.632  -0.577  -0.531  -0.484  -0.437  -0.375  -0.312  -0.25   -0.187  -0.125  -0.0468   0.0313  0.109   0.188   0.266   0.344   0.435   0.516   0.594   0.685   0.766   0.844   0.931   1.    ]
800000.0,34,[0.5122915 0.4641545 0.4235676 0.38732   0.3559871 0.3292246 0.3067096  0.2881399 0.2735151 0.261732  0.253539  0.248083  0.2453749 0.2452346  0.2475024 0.253943  0.2642559 0.2779024 0.294959  0.3153484 0.3454029  0.3806201 0.4217278 0.4681077 0.5207732 0.5804036 0.6478303 0.7240389  0.8113445 0.907523  1.019055  1.143582  1.284219  1.313272 ][0.         0.0234347  0.04385232 0.06290818 0.08037591 0.09647838  0.11142282 0.12540182 0.13831993 0.15116583 0.16301703 0.17480514  0.18640144 0.19793074 0.20951004 0.22505485 0.24137815 0.25818505  0.27602965 0.29510176 0.32090406 0.34925527 0.38094798 0.41565158  0.45421799 0.4971639  0.54506501 0.59856792 0.65921553 0.72539195  0.80149176 0.88583458 0.9805188  1.        ],[-1.     -0.952  -0.906  -0.859  -0.812  -0.765  -0.718  -0.671  -0.625  -0.577  -0.531  -0.484  -0.437  -0.39   -0.343  -0.281  -0.218  -0.156  -0.0937 -0.0312  0.0469  0.125   0.204   0.282   0.36    0.438   0.516   0.594   0.673   0.75    0.829   0.907   0.985   1.    ]
900000.0,35,[0.5407124 0.4860912 0.4400082 0.3988013 0.3631077 0.3325227 0.3066671  0.2851875 0.2680862 0.2540671 0.2440273 0.236949  0.2328557 0.2315409  0.2328218 0.2365392 0.2424068 0.2538318 0.2687241 0.2872741 0.3093227  0.3348895 0.3640673 0.4063809 0.4545763 0.5098159 0.5729459 0.6449952  0.7271783 0.8221802 0.9277447 1.024844  1.160098  1.311907  1.380874 ][0.         0.02464329 0.04594358 0.06565561 0.08356047 0.09990778  0.11492871 0.12883731 0.14156261 0.15409432 0.16555052 0.17685342  0.18789382 0.19880712 0.20971962 0.22074962 0.23176542 0.24739692  0.26359613 0.28097103 0.29961473 0.31974633 0.34158873 0.37202144  0.40559874 0.44321004 0.48543775 0.53293745 0.58645226 0.64765196  0.71502407 0.77653058 0.86174329 0.9569155  1.        ],[-1.     -0.952  -0.906  -0.859  -0.812  -0.765  -0.718  -0.671  -0.625  -0.577  -0.531  -0.484  -0.437  -0.39   -0.343  -0.296  -0.25   -0.187  -0.125  -0.0625  0.      0.0625  0.125   0.204   0.282   0.36    0.438   0.516   0.594   0.673   0.75    0.813   0.891   0.968   1.    ]
1000000.0,37,[0.566574  0.5063011 0.4554401 0.4099294 0.3704541 0.3365516 0.30779  0.2837673 0.2644864 0.2484787 0.2367726 0.2282031 0.2228051 0.2203485  0.2206313 0.2234788 0.2286076 0.2334805 0.2458445 0.2620234 0.281956  0.3055994 0.3364538 0.3735522 0.4176534 0.4625928 0.5101346 0.5643028  0.6240202 0.6919598 0.7667853 0.8518423 0.9454355 1.051708  1.168483  1.300851  1.44601  ][0.         0.025749   0.04786905 0.06820523 0.08654424 0.1031589  0.1183009  0.1322025  0.1448123  0.1571235  0.1682843  0.1792112  0.1898099  0.200224   0.210587   0.2210236  0.2314216  0.238815  0.2536741  0.2694942  0.2864936  0.3048547  0.3272303  0.3527905  0.3820651  0.4111132  0.4412677  0.4751125  0.5119505  0.5534039  0.598625   0.6496118  0.7053274  0.7682374  0.8370633  0.9148473  1.        ],[-1.     -0.952  -0.906  -0.859  -0.812  -0.765  -0.718  -0.671  -0.625  -0.577  -0.531  -0.484  -0.437  -0.39   -0.343  -0.296  -0.25   -0.218  -0.156  -0.0937 -0.0312  0.0313  0.101   0.173   0.247   0.313   0.375   0.438   0.5     0.563   0.625   0.688   0.75    0.813   0.875   0.938   1.    ]
1500000.0,44,[0.6392359 0.5753707 0.5195298 0.4611709 0.4164911 0.3779153 0.340627  0.3083772 0.283116  0.2592881 0.2393227 0.2242727 0.2102173 0.2002486  0.1918744 0.1865902 0.1839186 0.1837363 0.1857544 0.1901622 0.1969037  0.2058144 0.2171675 0.2309043 0.2472004 0.2693564 0.2964094 0.3274827  0.3628252 0.3979222 0.4447083 0.4983809 0.5491725 0.6072245 0.6721288  0.7577073 0.8548091 0.9458133 1.048915  1.163176  1.312401  1.480002  1.635631  1.749071 ][0.         0.02429213 0.04564269 0.06819882 0.08575206 0.10124301  0.11669171 0.13064531 0.14217941 0.15384112 0.16456122 0.17360132  0.18337732 0.19179192 0.20100682 0.20971152 0.21860372 0.22558912  0.23427212 0.24310612 0.25220212 0.26152503 0.27144393 0.28192883  0.29314043 0.30711333 0.32295473 0.34011173 0.35875004 0.37662764  0.39979994 0.42573494 0.44982865 0.47700395 0.50706875 0.54638926  0.59073346 0.63214776 0.67902387 0.73100797 0.79908638 0.87587749  0.9475371  1.        ],[-1.     -0.96   -0.921  -0.875  -0.835  -0.796  -0.753  -0.71   -0.671  -0.628  -0.585  -0.546  -0.501  -0.46   -0.413  -0.367  -0.319  -0.281  -0.234  -0.187  -0.14   -0.0937 -0.0468  0.      0.0469  0.101   0.157   0.212   0.266   0.313   0.368   0.423   0.469   0.516   0.563   0.618   0.673   0.719   0.766   0.813   0.868   0.923   0.969   1.    ]
2000000.0,48,[0.6271581 0.5629988 0.5072702 0.452895  0.4052057 0.3671615 0.3303854  0.2984877 0.2733507 0.2483719 0.2289924 0.2132522 0.1977355 0.1866767  0.1763095 0.1686835 0.1631859 0.1605174 0.1592004 0.1600439 0.1630655  0.1682426 0.17584   0.185964  0.1988976 0.2149193 0.2309363 0.2420314  0.2579277 0.2757191 0.3066526 0.3403985 0.3774277 0.4164745 0.4664827  0.5207138 0.5773236 0.6526073 0.7262819 0.8235885 0.9336461 1.057755  1.197318  1.353846  1.493915  1.689656  1.898665  2.052306 ][0.         0.02380314 0.04467339 0.06531694 0.08376611 0.09882727  0.1138245  0.1273453  0.1384961  0.1502349  0.1600209  0.1686447  0.1780974  0.1857856  0.1943158  0.2022506  0.2102155  0.2163659  0.2238793  0.2313815  0.2389746  0.2466444  0.2547131  0.2631793  0.2722043  0.2819083  0.2906471  0.2963227  0.3040721  0.3123436  0.3260293  0.3402644  0.3553388  0.3708199  0.390245   0.4109761  0.4323878  0.4606762  0.488254   0.524676   0.565971   0.6127689  0.6657631  0.7257155  0.779823   0.8562287  0.9387601  1.        ],[-1.     -0.96   -0.921  -0.878  -0.835  -0.796  -0.753  -0.71   -0.671  -0.626  -0.585  -0.546  -0.5    -0.46   -0.413  -0.367  -0.319  -0.281  -0.234  -0.187  -0.14   -0.0937 -0.0468  0.      0.0469  0.0938  0.133   0.157   0.188   0.219   0.266   0.31    0.352   0.391   0.435   0.477   0.516   0.562   0.602   0.649   0.696   0.743   0.79    0.837   0.875   0.923   0.969   1.    ]
2250000.0,50,[0.6070546 0.5448337 0.4910711 0.438856  0.3932386 0.3569435 0.3203951  0.2915173 0.267526  0.2431012 0.2248953 0.2066958 0.1918541 0.1791536  0.170925  0.1627935 0.1567754 0.1527685 0.1507301 0.1506774 0.1526225  0.1567732 0.1633078 0.1707518 0.1802089 0.191909  0.2060474 0.2196822  0.2348097 0.2519941 0.2768152 0.2940186 0.3254044 0.3614325 0.4025902  0.4494045 0.5024428 0.5623153 0.6315086 0.705229  0.789723  0.8865146  1.008818  1.130559  1.265678  1.439102  1.638111  1.861342  2.111176  2.196926 ][0.         0.02303777 0.04323792 0.06323135 0.08112139 0.09574994  0.11099002 0.12353422 0.13443553 0.14617993 0.15553983 0.16568223  0.17484884 0.18375304 0.19040454 0.19824694 0.20575684 0.21303114  0.22016334 0.22724644 0.23422235 0.24147765 0.24898355 0.25550605  0.26235855 0.26963345 0.27739356 0.28420526 0.29124986 0.29879536  0.30910716 0.31595716 0.32803587 0.34142917 0.35632757 0.37294148  0.39150248 0.41226528 0.43614179 0.46153979 0.4906914  0.5242162  0.56686121 0.60964872 0.65757343 0.71978334 0.79209786 0.87433498  0.96768919 1.        ],[-1.      -0.96    -0.921   -0.878   -0.835   -0.796   -0.751   -0.71  -0.671   -0.625   -0.585   -0.538   -0.492   -0.444   -0.406   -0.359  -0.312   -0.265   -0.218   -0.171   -0.125   -0.0781  -0.0312   0.00785   0.0469   0.086    0.125    0.157    0.188    0.219    0.258    0.282   0.321    0.36     0.399    0.438    0.477    0.516    0.556    0.594   0.633    0.673    0.718    0.758    0.798    0.844    0.891    0.938   0.985    1.     ]
2500000.0,51,[0.5360239 0.4827642 0.4368817 0.3904501 0.3534704 0.3224264 0.2903514  0.2614495 0.2375457 0.2164532 0.1983023 0.1827384 0.1694752 0.1582901  0.1491994 0.1415663 0.1359829 0.1320409 0.1299508 0.1298421 0.1309446  0.1337515 0.1383552 0.1449227 0.1536868 0.1649241 0.1757788 0.1889747  0.2080733 0.2258574 0.2518563 0.2700439 0.2962215 0.3338278 0.3677745  0.4069236 0.4491522 0.5088164 0.5764303 0.6527572 0.7386158 0.8348843  0.9454219 1.062486  1.195915  1.347954  1.539059  1.728386  1.937677  2.205285  2.403233 ][0.         0.02037576 0.03830886 0.05692383 0.0721742  0.08535419  0.09944808 0.1126913  0.1241682  0.1348372  0.144584   0.1535385  0.1618155  0.169518   0.1765903  0.1835687  0.1899523  0.1962509  0.2024077  0.2085128  0.212555   0.2176769  0.2229966  0.2285276  0.234358   0.2405868  0.2458677  0.2517038  0.2594462  0.2661721  0.2754875  0.2817503  0.2905274  0.3028134  0.3136882  0.3260834  0.3393526  0.358033   0.3791953  0.4031645  0.4302963  0.4609796  0.4965857  0.534736   0.5787748  0.6296522  0.69461    0.7599589  0.8332802  0.9285683  1.        ],[-1.      -0.96    -0.921   -0.876   -0.835   -0.796   -0.75    -0.702  -0.656   -0.609   -0.562   -0.515   -0.468   -0.421   -0.375   -0.327  -0.281   -0.234   -0.187   -0.14    -0.109   -0.0703  -0.0312   0.00785   0.0469   0.086    0.117    0.149    0.188    0.219    0.258    0.282   0.313    0.352    0.383    0.415    0.446    0.485    0.524    0.563   0.602    0.641    0.681    0.719    0.758    0.798    0.843    0.883   0.923    0.969    1.     ]
3000000.0,54,[0.4668464 0.4206156 0.3813712 0.3437891 0.3112701 0.2805907 0.2589267  0.2349374 0.2149335 0.197023  0.1812712 0.164075  0.1493267 0.1361457  0.1263133 0.1194348 0.1137439 0.1095367 0.107311  0.1063885 0.1069387  0.1085944 0.1114578 0.1156896 0.1214206 0.1288621 0.1380918 0.1466378  0.1565174 0.1714295 0.1889995 0.209498  0.2275631 0.2539871 0.2842001  0.3281382 0.3587612 0.4149169 0.4656961 0.5224191 0.5877318 0.6580946  0.7360045 0.8220607 0.9201145 1.053364  1.20309   1.370877  1.558442  1.767653  2.000544  2.259332  2.546437  2.730089 ][0.         0.01774924 0.03338798 0.04897893 0.06306271 0.07697144  0.08722227 0.09907501 0.10942201 0.11910301 0.12799291 0.13818061  0.14742601 0.15627562 0.16349322 0.16914542 0.17462512 0.17987222  0.18410072 0.18826782 0.19239572 0.19576882 0.19920162 0.20275652  0.20645542 0.21037232 0.21451012 0.21792692 0.22156482 0.22664802  0.23223462 0.23841132 0.24365602 0.25112003 0.25946193 0.27140253  0.27964533 0.29473203 0.30838153 0.32369733 0.34145973 0.36077004  0.38237854 0.40652854 0.43440334 0.47288615 0.51688705 0.56707946  0.62420116 0.68906007 0.76253988 0.84560749 0.93931999 1.        ],[-1.     -0.96   -0.921  -0.878  -0.835  -0.788  -0.75   -0.702  -0.656  -0.609  -0.562  -0.503  -0.444  -0.382  -0.327  -0.281  -0.234  -0.187  -0.148  -0.109  -0.0703 -0.039  -0.0078  0.0235  0.0547  0.086   0.117   0.141   0.165   0.196   0.227   0.258   0.282   0.313   0.344   0.383   0.407   0.446   0.477   0.508   0.54    0.571   0.602   0.633   0.665   0.704   0.743   0.782   0.821   0.86    0.899   0.938   0.977   1.    ]
3500000.0,57,[0.4133267  0.3793757  0.3435882  0.312953   0.2865813  0.2637305  0.2400018  0.219615   0.1990755  0.181607   0.1638047  0.1483843  0.1319559  0.1192871  0.1089383  0.1022238  0.09666311 0.0930884  0.09063442 0.08950749 0.08970923 0.09105299 0.09370697 0.09665146  0.1005263  0.1053868  0.111286   0.1186258  0.1273396  0.1370952  0.1510003  0.1667185  0.1820623  0.2001546  0.219646   0.2464572  0.2839904  0.3140748  0.3248086  0.3699519  0.4211428  0.4950189  0.5643238  0.639678   0.7238485  0.8176143  0.9253581  1.041273  1.169527   1.311168   1.472619   1.645045   1.834569   2.099502  2.404947   2.730087   3.023036  ][0.         0.01268324 0.02678104 0.03958359 0.05127451 0.06200559  0.0738433  0.08464429 0.09615828 0.1064367  0.1173172  0.1269951  0.1375079  0.1457989  0.1528739  0.1578362  0.16251    0.1662102  0.1697928  0.1732785  0.1760832  0.1789031  0.1817946  0.1840218  0.1863386  0.1887478  0.1912612  0.1940201  0.1969717  0.2000127  0.204046   0.2083352  0.2123462  0.2169328  0.2217605  0.2282859  0.2373035  0.2444803  0.2470358  0.2578046  0.2700666  0.2879318  0.3048813  0.3235433  0.344678   0.3685707  0.3964583  0.4269411  0.4612085  0.4996593  0.5441999  0.5925237  0.6464577  0.7231721  0.8132611  0.9108267  1.        ],[-1.     -0.968  -0.929  -0.89   -0.851  -0.812  -0.765  -0.718  -0.663  -0.609  -0.546  -0.484  -0.409  -0.343  -0.281  -0.234  -0.187  -0.148  -0.109  -0.0703 -0.039  -0.0078  0.0235  0.0469  0.0704  0.0938  0.117   0.141   0.165   0.188   0.216   0.243   0.266   0.29    0.313   0.341   0.375   0.399   0.407   0.438   0.469   0.508   0.54    0.571   0.602   0.633   0.665   0.696   0.727   0.758   0.79    0.821   0.852   0.891   0.931   0.969   1.    ]
3750000.0,59,[0.3857857  0.3534491  0.3262433  0.2968381  0.2718619  0.2479491  0.2319674  0.2127133  0.1960494  0.1770217  0.1601926  0.1418298  0.1255156  0.1108264  0.1007102  0.09405427 0.0884875  0.08442256  0.08208319 0.08126397 0.08147496 0.08286978 0.08479823 0.08756501  0.09127814 0.09586541 0.1018455  0.1091215  0.1178192  0.1276132  0.1389635  0.1526132  0.1675746  0.1853177  0.204534   0.2270859  0.2512865  0.2782206  0.3094663  0.3549795  0.4068448  0.4656929  0.5164798  0.5344875  0.6305576  0.717502   0.8147709  0.9270189  1.048292   1.18303    1.332447   1.503475   1.686893   1.889329  2.112468   2.36646    2.637475   3.01671    3.174835  ][0.         0.01182776 0.02236299 0.03451309 0.04560274 0.05703858  0.06519716 0.07564717 0.08525309 0.09681829 0.10744052 0.11921942  0.12964593 0.13898143 0.14553903 0.15011603 0.15440573 0.15829623  0.16163463 0.16419103 0.16672973 0.16929763 0.17126353 0.17328014  0.17538154 0.17751494 0.17988744 0.18241904 0.18514234 0.18796484  0.19103044 0.19452934 0.19821154 0.20244624 0.20692954 0.21210894  0.21761024 0.22369954 0.23075175 0.24105065 0.25285895 0.26638325  0.27816936 0.28237326 0.30509166 0.32598657 0.34973677 0.37760538  0.40822268 0.44280819 0.4817981  0.52717291 0.57662362 0.63205503  0.69408294 0.76574575 0.84330677 0.95356339 1.        ],[-1.      -0.968   -0.937   -0.898   -0.859   -0.815   -0.781   -0.734  -0.687   -0.625   -0.562   -0.484   -0.406   -0.327   -0.265   -0.218  -0.171   -0.126   -0.0859  -0.0546  -0.0234   0.00785  0.0313   0.0547   0.0782   0.101    0.125    0.149    0.173    0.196    0.219    0.243   0.266    0.29     0.313    0.337    0.36     0.383    0.407    0.438   0.469    0.5      0.524    0.532    0.571    0.602    0.633    0.665   0.696    0.727    0.758    0.79     0.821    0.852    0.883    0.915   0.946    0.985    1.     ]
4000000.0,59,[0.3554339  0.3246509  0.299097   0.2770573  0.2534368  0.2330344  0.2132839  0.1962097  0.1814576  0.1645248  0.145727   0.1291386  0.111195   0.09750559 0.08805204 0.0819058  0.07766734 0.07439909  0.07263825 0.07173751 0.07186763 0.07273824 0.07435594 0.07679728  0.0801705  0.08441815 0.09003373 0.09694238 0.1052749  0.1147266  0.1257485  0.139078   0.1537629  0.1712595  0.1902911  0.2127178  0.2368778  0.2638648  0.2952851  0.3412407  0.393845   0.4537935  0.5057271  0.5241816  0.6014558  0.7127761  0.8136815  0.930622  1.057502   1.199061   1.356701   1.537915   1.733088   1.949411  2.188868   2.462613   2.755967   3.07965    3.341058  ][0.         0.01088136 0.02054945 0.02947985 0.03982448 0.0495539  0.05981922 0.06944232 0.07831751 0.08904296 0.10129792 0.11201772  0.12319323 0.13143693 0.13718923 0.14118323 0.14429493 0.14726023  0.14953193 0.15179143 0.15403163 0.15572713 0.15745183 0.15922033  0.16106473 0.16294103 0.16503443 0.16727813 0.16970473 0.17223473  0.17500024 0.17817814 0.18154584 0.18544614 0.18960394 0.19444004  0.19961034 0.20536884 0.21207864 0.22194474 0.23333855 0.24647695  0.25799115 0.26211075 0.27955816 0.30518566 0.32884577 0.35675467  0.38757058 0.42254728 0.46216159 0.5084755  0.55917601 0.61625472  0.68039804 0.75482175 0.83570977 0.92616188 1.        ],[-1.      -0.968   -0.937   -0.906   -0.867   -0.827   -0.781   -0.734  -0.687   -0.625   -0.546   -0.468   -0.375   -0.296   -0.234   -0.187  -0.148   -0.109   -0.0781  -0.0468  -0.0156   0.00785  0.0313   0.0547   0.0782   0.101    0.125    0.149    0.173    0.196    0.219    0.243   0.266    0.29     0.313    0.337    0.36     0.383    0.407    0.438   0.469    0.5      0.524    0.532    0.563    0.602    0.633    0.665   0.696    0.727    0.758    0.79     0.821    0.852    0.883    0.915   0.946    0.977    1.     ]
4500000.0,63,[0.2988512  0.2775536  0.2591092  0.238841   0.2218762  0.2075676  0.1921656  0.1799487  0.1671538  0.1526167  0.1369006  0.1110023  0.09214957 0.07972667 0.07299673 0.06709689 0.06302729 0.06046013  0.05861757 0.05758267 0.05745181 0.057948   0.05914728 0.06112677  0.06399171 0.06770442 0.07179582 0.07674187 0.08261928 0.08951036  0.09707608 0.105717   0.1160693  0.1297053  0.143198   0.1583417  0.1779699  0.2001723  0.2263356  0.2494023  0.2817665  0.3164439  0.3567887  0.3694088  0.4302793  0.4834071  0.502368   0.5821975  0.6729769  0.7759218  0.8648218  0.8963686  1.028306   1.218165  1.390282   1.589967   1.807031   2.049828   2.321069   2.63406  2.972622   3.349638   3.656551  ][0.         0.00691686 0.01335681 0.02107504 0.02821616 0.03487254  0.0428672  0.04993737 0.05809429 0.06816706 0.07945823 0.09693538  0.10800711 0.11471031 0.11829931 0.12159151 0.12412891 0.12604301  0.12787081 0.12968931 0.13103521 0.13238831 0.13376121 0.13516841  0.13663851 0.13813981 0.13953481 0.14102021 0.14261381 0.14433511  0.14610771 0.14803421 0.15025211 0.15307851 0.15580752 0.15882292  0.16269052 0.16703912 0.17215722 0.17667672 0.18305072 0.18993012  0.19800892 0.20055062 0.21294582 0.22391002 0.22785312 0.24466392  0.26411913 0.28657703 0.30626593 0.31331073 0.34314323 0.38694944  0.42738034 0.47506435 0.52771785 0.58749916 0.65524807 0.73453017  0.82143378 0.91942879 1.        ],[-1.      -0.976   -0.952   -0.921   -0.89    -0.859   -0.819   -0.781  -0.734   -0.671   -0.593   -0.452   -0.343   -0.265   -0.218   -0.171  -0.132   -0.101   -0.0703  -0.039   -0.0156   0.00785  0.0313   0.0547   0.0782   0.101    0.121    0.141    0.161    0.181    0.2      0.219   0.239    0.262    0.282    0.302    0.325    0.348    0.372    0.391   0.415    0.438    0.462    0.469    0.5      0.524    0.532    0.563   0.594    0.625    0.649    0.657    0.688    0.727    0.758    0.79   0.821    0.852    0.883    0.915    0.946    0.977    1.     ]
5000000.0,64,[0.2422753  0.2244197  0.2093305  0.197058   0.1833036  0.1721059  0.1604909  0.1498885  0.1409677  0.1257652  0.09878024 0.0735369  0.0642487  0.0577793  0.05275097 0.04943633 0.04701597 0.04566824  0.04476863 0.04438052 0.04456013 0.0453796  0.04659913 0.0483578  0.05071992 0.05361417 0.05739685 0.0619881  0.06746325 0.07390393  0.08099739 0.08912399 0.09889164 0.1094232  0.1219422  0.1360584  0.1510754  0.168718   0.1915417  0.2173327  0.2423971  0.2760181  0.312205   0.3452937  0.3915959  0.4411134  0.4787817  0.5599949  0.6532065  0.7599131  0.8528449  0.8859858  1.025454   1.184074  1.364148   1.519907   1.575246   1.807096   2.06905    2.446803  2.709068   3.189788   3.625608   3.983147  ][0.         0.00560034 0.01080534 0.01547881 0.02137441 0.02688326  0.0335352  0.04067393 0.04750905 0.0600455  0.07935641 0.09279715  0.0970685  0.09999717 0.1023736  0.1041108  0.1056203  0.1067047  0.1077673  0.1088103  0.1098509  0.1109077  0.1118045  0.1127303  0.1137013  0.1146873  0.1157974  0.1169912  0.1182857  0.1196994  0.121171   0.1227872  0.1246674  0.1266464  0.1289601  0.1315401  0.1342679  0.1374658  0.1416088  0.1463109  0.1509082  0.1571292  0.1638938  0.17014    0.1789827  0.1885589  0.1959181  0.2120191  0.2308237  0.2527271  0.2720802  0.2790355  0.3086628  0.3429105  0.3824079  0.4170166  0.4293972  0.4818235  0.5419038  0.6299629  0.6918334  0.8068611  0.9124997  1.        ],[-1.     -0.976  -0.952  -0.929  -0.898  -0.867  -0.827  -0.781  -0.734  -0.64   -0.468  -0.312  -0.25   -0.202  -0.159  -0.125  -0.0937 -0.0703  -0.0468 -0.0234  0.      0.0235  0.043   0.0625  0.0821  0.101   0.121   0.141   0.161   0.181   0.2     0.219   0.239   0.258   0.278   0.298   0.317   0.337   0.36    0.383   0.403   0.427   0.45    0.469   0.493   0.516   0.532   0.563   0.594   0.625   0.649   0.657   0.688   0.719   0.75    0.774   0.782   0.813   0.844   0.883   0.907   0.946   0.977   1.    ]
6000000.0,73,[0.1755758  0.1641156  0.1523232  0.1429274  0.1358563  0.1302832  0.1249699  0.1212851  0.1177916  0.1147415  0.1100654  0.1060495  0.1022258  0.09859444 0.09099563 0.07974927 0.05849784 0.05118098  0.04574095 0.04137293 0.03820481 0.03595066 0.03443751 0.03332512  0.03264497 0.03244714 0.03276849 0.03346039 0.03456654 0.0361068  0.03811424 0.04063634 0.04358255 0.04729264 0.05166145 0.05674578  0.06260952 0.06896737 0.07616247 0.08472555 0.09389015 0.1047283  0.116911   0.1298564  0.1450751  0.1611986  0.1791099  0.2000925  0.2234851  0.2536975  0.2831678  0.3211641  0.3640603  0.4058014  0.4521212  0.5116612  0.5817631  0.6574924  0.7425723  0.8424838  0.9550979  1.076323   1.18733    1.336224   1.51032    1.705682  1.915068   2.148488   2.420423   2.711092   3.049111   3.409766  4.590788  ][0.         0.00271753 0.00588192 0.00883443 0.01148287 0.0140112  0.01707424 0.01990617 0.0237314  0.02907967 0.03964559 0.04558875  0.04965012 0.05276283 0.05797656 0.06395263 0.07259307 0.07517053  0.07706051 0.07862856 0.07986201 0.08086311 0.08167257 0.08245523  0.08322708 0.08399191 0.08475493 0.08540166 0.0860673  0.08675637  0.08748003 0.08825179 0.08904766 0.08995641 0.09094595 0.09203002  0.09322357 0.09447355 0.09585228 0.09746116 0.09915801 0.10114422  0.10336062 0.10570492 0.10845422 0.11136382 0.11459672 0.11838872  0.12262452 0.12811213 0.13348083 0.14043063 0.14831073 0.15600933  0.16458853 0.17567204 0.18879314 0.20304454 0.21914524 0.23816595  0.25973695 0.28309826 0.30460296 0.33362387 0.36778237 0.40637438  0.44801299 0.4947439  0.54957081 0.60858322 0.67770564 0.75198275  1.        ],[-1.      -0.984   -0.964   -0.944   -0.925   -0.906   -0.882   -0.859  -0.827   -0.781   -0.687   -0.632   -0.593   -0.562   -0.507   -0.437  -0.312   -0.265   -0.226   -0.19    -0.159   -0.132   -0.109   -0.0859  -0.0625  -0.039   -0.0156   0.00393  0.0235   0.043    0.0625   0.0821   0.101    0.121    0.141    0.161    0.181    0.2      0.219    0.239   0.258    0.278    0.298    0.317    0.337    0.356    0.375    0.395   0.415    0.438    0.458    0.481    0.504    0.524    0.544    0.567   0.591    0.614    0.637    0.661    0.685    0.708    0.727    0.75   0.774    0.798    0.821    0.844    0.868    0.891    0.915    0.938   1.     ]
7000000.0,86,[0.1499874  0.1380538  0.1280347  0.1197287  0.1129487  0.1067368  0.1023959  0.09944349 0.09696835 0.09556779 0.09521999 0.09600522  0.09870547 0.1073442  0.1102368  0.1111038  0.1108766  0.1093736  0.1064324  0.1023562  0.0999989  0.0928884  0.08180628 0.05784425  0.04966497 0.04381062 0.0399273  0.0363508  0.03330507 0.03129542  0.02965751 0.0283487  0.02751015 0.0270653  0.02705329 0.02747407  0.02832912 0.02962059 0.03134891 0.03352657 0.03613197 0.03917671  0.04268298 0.04733175 0.0529027  0.05919377 0.06145689 0.07105465  0.08207354 0.0946992  0.1057365  0.1180409  0.1311954  0.1458875  0.1631191  0.1817526  0.2037821  0.2277879  0.2513333  0.281965  0.3169944  0.3515819  0.3905671  0.4322232  0.4815802  0.5343761  0.5969725  0.663946   0.7433419  0.8329977  0.9288385  1.036307  1.163468   1.299146   1.459444   1.639728   1.831605   2.057697  2.297883   2.565465   2.879863   3.231413   3.665788   4.132199  4.602479   5.239824  ][0.         0.00172825 0.00332478 0.00481136 0.00620742 0.00774522  0.00910458 0.01031562 0.01178871 0.013329   0.01514148 0.01705373  0.02007175 0.02810769 0.03245931 0.03589009 0.03844286 0.04185674  0.04530964 0.04854586 0.05006352 0.05382482 0.05836688 0.06569853  0.06779496 0.06924383 0.07020682 0.07112216 0.07195803 0.07257173  0.07315078 0.07373084 0.0742615  0.07479907 0.07531861 0.07585298  0.07639706 0.07696207 0.07755652 0.0781923  0.07887147 0.07960573  0.08040795 0.08143412 0.08263693 0.08398209 0.08446469 0.08651862  0.08889211 0.09163209 0.09403732 0.09672265 0.09958887 0.1027753  0.1064834  0.1104494  0.1150758  0.1200389  0.1248301  0.130963  0.137851   0.1445368  0.1519583  0.1597748  0.1689128  0.1785644  0.1898779  0.2018566  0.2159295  0.2316929  0.2484303  0.2670992  0.289097   0.3124918  0.3400777  0.3710694  0.4040471  0.4429401  0.4843181  0.5305199  0.5849732  0.646086   0.7219552  0.8038341  0.8868135  1.        ],[-1.     -0.988  -0.976  -0.964  -0.952  -0.938  -0.925  -0.913  -0.898  -0.882  -0.863  -0.843  -0.812  -0.734  -0.694  -0.663  -0.64   -0.609  -0.577  -0.546  -0.531  -0.492  -0.44   -0.335  -0.296  -0.265  -0.242  -0.218  -0.194  -0.175  -0.156  -0.136  -0.117  -0.0973 -0.0781 -0.0585  -0.039  -0.0195  0.      0.0196  0.0391  0.0586  0.0782  0.101   0.125   0.149   0.157   0.188   0.219   0.25    0.274   0.298   0.321   0.344   0.368   0.391   0.415   0.438   0.458   0.481   0.504   0.524   0.544   0.563   0.583   0.602   0.622   0.641   0.661   0.681   0.7     0.719   0.739   0.758   0.778   0.798   0.817   0.837   0.856   0.875   0.895   0.915   0.937   0.958   0.977   1.    ]
8000000.0,99,[0.149908   0.1365868  0.1248989  0.114724   0.105948   0.09846266  0.09216511 0.08695789 0.08228832 0.07843102 0.07582144 0.07441708  0.07377916 0.07398834 0.07505523 0.07705354 0.08078544 0.08666543  0.1117346  0.1196294  0.1253375  0.129446   0.1321185  0.1333409  0.1330349  0.1312482  0.1269138  0.1205978  0.1126776  0.1007446  0.06498671 0.05553201 0.04773276 0.04197881 0.0377316  0.03380032  0.03107808 0.02874842 0.02693186 0.02539518 0.02433633 0.02375771  0.02337137 0.02333178 0.0235127  0.02392163 0.02455399 0.02574901  0.02732254 0.02927181 0.03158631 0.03426344 0.03808793 0.04240903  0.04824859 0.05470261 0.06168246 0.07217447 0.08618051 0.1014065  0.1178298  0.1379792  0.1550585  0.1722009  0.1920549  0.2133961  0.2338787  0.25552    0.2805263  0.3056294  0.3345132  0.3661204  0.4045902  0.4469486  0.4959444  0.5431512  0.5965716  0.6570216  0.7208815  0.7976142  0.8785871  0.9757469  1.078109   1.20071  1.338731   1.493935   1.656759   1.850915   2.054136   2.2959  2.548362   2.848002   3.182134   3.554269   3.941054   4.397985  5.006158   5.579207   6.00842   ][0.         0.00114598 0.00219192 0.00315041 0.0040331  0.00485075  0.00561326 0.00632975 0.00709136 0.00789495 0.00866622 0.00934229  0.01008327 0.01082211 0.01164185 0.0125545  0.01381721 0.01549172  0.02283252 0.02595593 0.02889553 0.03182554 0.03483353 0.03801904  0.04108236 0.04425376 0.04825527 0.05209171 0.05570748 0.05997592  0.06900828 0.07087632 0.07232203 0.07335371 0.07411096 0.07482628  0.07534531 0.07582392 0.07624152 0.07666014 0.07703313 0.07732169  0.07767516 0.07795538 0.07822005 0.07849754 0.07878112 0.079176  0.07958996 0.0800314  0.08050609 0.08102136 0.08172859 0.08251344  0.08357867 0.0847832  0.08613327 0.08827498 0.0913629  0.09502085  0.09929596 0.10492371 0.10990531 0.11497781 0.12080591 0.12688771  0.13247861 0.13810671 0.14427121 0.15013282 0.15653422 0.16319022  0.17089732 0.17898692 0.18794442 0.19625722 0.20537502 0.21540372  0.22573802 0.23788602 0.25045753 0.26529223 0.28069613 0.29892673  0.31924223 0.34190353 0.36553374 0.39359514 0.42288304 0.45768335  0.49401535 0.53718625 0.58542736 0.63931856 0.69553347 0.76224578  0.85158519 0.93626809 1.        ],[-1.      -0.992   -0.984   -0.976   -0.968   -0.96    -0.952   -0.944  -0.935   -0.925   -0.915   -0.906   -0.896   -0.886   -0.875   -0.863  -0.847   -0.827   -0.753   -0.726   -0.702   -0.679   -0.656   -0.632  -0.609   -0.585   -0.554   -0.523   -0.492   -0.452   -0.343   -0.312  -0.284   -0.261   -0.242   -0.222   -0.206   -0.19    -0.175   -0.159  -0.144   -0.132   -0.117   -0.105   -0.0937  -0.082   -0.0703  -0.0546  -0.039   -0.0234  -0.0078   0.00785  0.0274   0.0469   0.0704   0.0938   0.117    0.149    0.188    0.227    0.266    0.31     0.344    0.375   0.407    0.437    0.462    0.485    0.508    0.528    0.548    0.567   0.587    0.606    0.625    0.641    0.657    0.673    0.688    0.704   0.719    0.735    0.75     0.766    0.782    0.798    0.813    0.829   0.844    0.86     0.875    0.891    0.907    0.923    0.938    0.954   0.973    0.989    1.     ]
9000000.0,108,[0.1765949  0.1601928  0.1453522  0.1319839  0.1200022  0.1093245  0.09987197 0.0915687  0.08434204 0.07812239 0.07284304 0.06778729  0.06433009 0.06162054 0.05960332 0.05822563 0.05735954 0.05725451  0.05799122 0.05946982 0.0619041  0.06542202 0.07056262 0.07858296  0.08920828 0.1165937  0.1288844  0.14008    0.1492142  0.1558154  0.1602214  0.162441   0.1625165  0.1604627  0.1566906  0.1513697  0.1421587  0.130767   0.1118999  0.08274015 0.06874704 0.05916959  0.05179351 0.04631779 0.04121178 0.03764227 0.03455111 0.03210099  0.03045976 0.02881317 0.02782328 0.02703881 0.02666867 0.02663324  0.02686466 0.02737772 0.02816592 0.0292368  0.03107199 0.03337601  0.0361376  0.03935476 0.04397965 0.04923305 0.05387224 0.06154553  0.06978842 0.08231705 0.09939801 0.1241737  0.2206044  0.2409775  0.2597617  0.2770239  0.2978323  0.3177319  0.341581   0.3654756  0.391713   0.4245696  0.4633713  0.5091857  0.559583   0.6058599  0.6581237  0.7118893  0.7776429  0.8648031  0.9570161  1.052901  1.16024    1.280217   1.43788    1.603187   1.773656   1.946443  2.15462    2.44658    2.708069   2.996811   3.315229   3.665927  4.153968   4.587821   5.063791   5.723331   6.513732   6.890136  ][0.         0.00101036 0.001927   0.00275901 0.00351496 0.00420294  0.00483053 0.00540486 0.00593259 0.00641998 0.00687288 0.00736508  0.00776143 0.00813929 0.00850296 0.00885644 0.00926099 0.00971945  0.01018043 0.01065027 0.01119645 0.01183308 0.01264899 0.01384215  0.01543617 0.02027252 0.02309552 0.02632309 0.02979462 0.03330246  0.03693688 0.0406475  0.04454699 0.04842274 0.05207    0.05561269  0.06016238 0.06452919 0.07023186 0.07704426 0.07977103 0.0814979  0.08277398 0.08370604 0.08458134 0.08521217 0.08578972 0.08628961  0.08666497 0.08710952 0.08744934 0.08783337 0.08818247 0.08850228  0.08880187 0.08911919 0.08944412 0.0897828  0.09025321 0.0907559  0.09129811 0.09188884 0.09270343 0.09361225 0.09441647 0.09577263  0.09728297 0.09971666 0.103351   0.1093874  0.1443824  0.1533832  0.1611447  0.1675861  0.1744844  0.1803323  0.1865958  0.1922523  0.1979312  0.2044615  0.211565   0.2193455  0.2273613  0.234354  0.2419379  0.249473   0.2584102  0.2699073  0.2817491  0.2938086  0.3070874  0.3217301  0.3407568  0.3605237  0.3807848  0.4012453  0.4258517  0.4603607  0.4912886  0.5255179  0.5633901  0.605277  0.6639262  0.7163769  0.7742866  0.85519    0.9530865  1.        ],[-1.      -0.994   -0.988   -0.982   -0.976   -0.97    -0.964   -0.958  -0.952   -0.946   -0.94    -0.933   -0.927   -0.921   -0.915   -0.909  -0.902   -0.894   -0.886   -0.878   -0.869   -0.859   -0.847   -0.831  -0.812   -0.765   -0.742   -0.718   -0.694   -0.671   -0.648   -0.625  -0.601   -0.577   -0.554   -0.531   -0.5     -0.468   -0.421   -0.351  -0.315   -0.288   -0.265   -0.246   -0.226   -0.21    -0.194   -0.179  -0.167   -0.152   -0.14    -0.126   -0.113   -0.101   -0.0898  -0.0781  -0.0664  -0.0546  -0.039   -0.0234  -0.0078   0.00785  0.0274   0.0469   0.0625   0.086    0.109    0.141    0.181    0.235    0.438    0.477   0.508    0.532    0.556    0.575    0.594    0.61     0.625    0.641   0.657    0.673    0.688    0.7      0.712    0.723    0.735    0.749   0.762    0.774    0.786    0.798    0.812    0.825    0.837    0.848   0.86     0.875    0.887    0.899    0.911    0.923    0.938    0.95   0.962    0.977    0.993    1.     ]
10000000.0,112,[0.2197355  0.1965039  0.1754735  0.1565136  0.1394992  0.1243105  0.1108329  0.09895681 0.08857754 0.08099925 0.07433544 0.06853276  0.06353996 0.0593078  0.055789   0.05293816 0.05071174 0.049068  0.04796694 0.04730814 0.04731259 0.04792045 0.04907503 0.05104165  0.05400859 0.05763637 0.06294428 0.06894068 0.07956012 0.1182858  0.1335749  0.1476037  0.1574539  0.1664998  0.1730205  0.1771613  0.178594   0.1782413  0.175855   0.1731461  0.1658167  0.1562896  0.1402236  0.09824024 0.08378125 0.07335801 0.06637264 0.05984758  0.05416995 0.05031597 0.04705782 0.04429966 0.04234233 0.0412123  0.04059316 0.04042143 0.04074027 0.04155666 0.04288139 0.04472391  0.04710101 0.05001458 0.05440329 0.05963822 0.06575174 0.07244759  0.08205738 0.09285526 0.1047616  0.1216009  0.1471162  0.2079547  0.2351485  0.2552177  0.2710839  0.2869771  0.305268   0.3180161  0.325457   0.3405413  0.3573985  0.3792464  0.3996997  0.4289125  0.4621612  0.4990105  0.5387872  0.589671   0.6494638  0.713156  0.7793354  0.8542802  0.9389154  1.03424    1.141331   1.27411  1.409795   1.593415   1.783705   2.017815   2.259192   2.554712  2.88721    3.26044    3.678464   4.14567    4.621183   5.196204  5.779431   6.482368   7.261018   7.752863  ][0.         0.00124872 0.00236465 0.00336061 0.00424865 0.00504008  0.00574551 0.00637488 0.00693748 0.00736142 0.00774976 0.00810693  0.00843711 0.00874423 0.00903198 0.00930379 0.00956292 0.00981237  0.01005495 0.01034078 0.01062464 0.01091034 0.01120133 0.01155174  0.01197194 0.01241852 0.01302142 0.01368084 0.01486885 0.0202107  0.0231071  0.02648124 0.02953182 0.03325729 0.03716177 0.04136395  0.04474363 0.04902565 0.05309777 0.05588978 0.0611437  0.06613635  0.07265964 0.085179   0.08872842 0.09116408 0.09277098 0.09428562  0.09565383 0.09664645 0.0975715  0.09848507 0.09930817 0.09997661  0.10059423 0.10122613 0.10186323 0.10250513 0.10316373 0.10384703  0.10456553 0.10532543 0.10634353 0.10745543 0.10868423 0.10999023  0.11184433 0.11394333 0.11631474 0.11982334 0.12560074 0.14282164  0.15323455 0.16304185 0.17304155 0.18615596 0.20244266 0.21085696  0.21471776 0.22104477 0.22662827 0.23252147 0.23719517 0.24299547  0.24878748 0.25455448 0.26026238 0.26703308 0.27446788 0.28196228  0.28942479 0.29759289 0.30655889 0.31642469 0.3273026  0.3405875  0.35400701 0.37202631 0.39060052 0.41340962 0.43693313 0.46581654  0.49846805 0.53535396 0.57698737 0.62393219 0.6721499  0.73105422  0.79142024 0.86499106 0.94745138 1.        ],[-1.      -0.994   -0.988   -0.982   -0.976   -0.97    -0.964   -0.958  -0.952   -0.947   -0.942   -0.937   -0.932   -0.927   -0.922   -0.917  -0.912   -0.907   -0.902   -0.896   -0.89    -0.884   -0.878   -0.871  -0.863   -0.855   -0.845   -0.835   -0.819   -0.765   -0.742   -0.718  -0.698   -0.675   -0.652   -0.628   -0.609   -0.585   -0.562   -0.546  -0.515   -0.484   -0.44    -0.335   -0.296   -0.265   -0.242   -0.218  -0.194   -0.175   -0.156   -0.136   -0.117   -0.101   -0.0859  -0.0703  -0.0546  -0.039   -0.0234  -0.0078   0.00785  0.0235   0.043    0.0625   0.0821   0.101    0.125    0.149    0.173    0.204    0.247    0.344   0.391    0.431    0.469    0.516    0.571    0.598    0.61     0.629   0.645    0.661    0.673    0.687    0.7      0.712    0.723    0.735   0.747    0.758    0.768    0.778    0.788    0.798    0.808    0.819   0.829    0.841    0.852    0.864    0.875    0.887    0.899    0.911   0.923    0.935    0.946    0.958    0.969    0.981    0.993    1.     ]
11000000.0,114,[0.2657213  0.237208   0.2113507  0.1879855  0.1669563  0.1481137  0.1313157  0.1164266  0.1033173  0.09366376 0.08509287 0.07753958  0.07094149 0.06523887 0.06037454 0.05629379 0.05294431 0.05027612  0.04824147 0.0467948  0.04589264 0.04547064 0.04570532 0.04635628  0.04763151 0.04939188 0.05240132 0.05605989 0.06025929 0.0673584  0.07718401 0.1155195  0.1301556  0.1435132  0.1541523  0.1628551  0.1689048  0.1728203  0.1748177  0.1749205  0.1734848  0.1695926  0.1622679  0.1489898  0.1206785  0.0970792  0.08297221 0.07406359  0.06796319 0.06416428 0.06111929 0.05930173 0.05825663 0.0580692  0.05860729 0.05980376 0.06170694 0.06436104 0.06783127 0.07210929  0.07706629 0.08321809 0.09031087 0.100508   0.1121701  0.1273325  0.1411871  0.1652379  0.1941485  0.2769872  0.3060002  0.3277351  0.3439581  0.3542902  0.3588313  0.3588923  0.3544498  0.3433942  0.3430693  0.3467377  0.3528229  0.3616658  0.3757231  0.3916713  0.4145028  0.4408672  0.4734142  0.5087315  0.5555649  0.6114205  0.6633782  0.7224936  0.7894542  0.8649942  0.9612104  1.057651  1.194073   1.349895   1.5084     1.706821   1.930995   2.156857  2.437087   2.750941   3.101534   3.492209   3.926546   4.459332  4.998163   5.719673   6.459468   7.360295   8.368252   8.457401  ][0.         0.00150879 0.00285446 0.00405247 0.0051173  0.00606251  0.0069008  0.00764402 0.00830326 0.00879571 0.0092426  0.00964918  0.01002038 0.01036083 0.01067486 0.01096653 0.01123963 0.01149768  0.01174397 0.01198156 0.01221328 0.01248737 0.0127609  0.01299105  0.01327301 0.01356408 0.01397125 0.01440509 0.01487037 0.01563608  0.01672015 0.0220195  0.02484476 0.02812879 0.03155194 0.03535603  0.03917127 0.04310111 0.04727277 0.05146963 0.05547629 0.06079399  0.06726527 0.07582486 0.08957794 0.09883264 0.1037841  0.1068463  0.1090477  0.1105738  0.1120396  0.1132197  0.1143659  0.1155001  0.116416   0.1173396  0.1182874  0.1192707  0.1203084  0.1213999  0.1225262  0.1238085  0.1251967  0.1271049  0.1292317  0.131986  0.1345369  0.1391333  0.1450632  0.1662643  0.1764666  0.1862895  0.1963649  0.2064895  0.2161166  0.2247293  0.2357861  0.2546279  0.2614925  0.267011   0.2712084  0.2751381  0.2795624  0.2833994  0.2878334  0.2921103  0.2966817  0.3011014  0.3064229  0.3122578  0.317357   0.3229005  0.3289483  0.3355661  0.343784   0.3518594  0.363118   0.3758378  0.3887001  0.4047762  0.4229653  0.4413606  0.4643303  0.4902704  0.5195328  0.5525015  0.5895953  0.6357176  0.6830051  0.7473121  0.8142974  0.897216   0.9915873  1.        ],[-1.     -0.994  -0.988  -0.982  -0.976  -0.97   -0.964  -0.958  -0.952  -0.947  -0.942  -0.937  -0.932  -0.927  -0.922  -0.917  -0.912  -0.907  -0.902  -0.897  -0.892  -0.886  -0.88   -0.875  -0.869  -0.863  -0.855  -0.847  -0.839  -0.827  -0.812  -0.757  -0.734  -0.71   -0.687  -0.663  -0.64   -0.617  -0.593  -0.569  -0.546  -0.515  -0.476  -0.421  -0.319  -0.234  -0.179  -0.14   -0.109  -0.0859 -0.0625 -0.0429 -0.0234 -0.0039   0.0118  0.0274  0.043   0.0586  0.0743  0.0899  0.105   0.121   0.137   0.157   0.177   0.2     0.219   0.249   0.282   0.372   0.407   0.438   0.468   0.497   0.524   0.548   0.579   0.633   0.653   0.669   0.681   0.692   0.704   0.714   0.725   0.735   0.745   0.754   0.764   0.774   0.782   0.79    0.798   0.806   0.815   0.823   0.833   0.843   0.852   0.862   0.872   0.881   0.891   0.901   0.911   0.921   0.931   0.942   0.952   0.964   0.975   0.987   0.999   1.    ]
12000000.0,120,[0.3042733  0.2725615  0.2437547  0.2176669  0.1941211  0.172949  0.1539906  0.137094   0.122115   0.1089167  0.09736958 0.08735086  0.08008544 0.07373677 0.06824395 0.06354892 0.05959638 0.05633371  0.05371083 0.05168014 0.0499615  0.04895685 0.04859699 0.0489058  0.04972602 0.05151584 0.0539896  0.05787477 0.06246021 0.07028207  0.1061829  0.1188747  0.1299972  0.1389948  0.1463413  0.1531778  0.1578194  0.1615513  0.1632223  0.1629587  0.1610158  0.1576053  0.1526395  0.1458038  0.137023   0.1276743  0.1129923  0.09282811  0.08475563 0.07965696 0.07626753 0.07385201 0.07275408 0.07250236  0.07318429 0.07490228 0.077717   0.0815343  0.08687265 0.09357546  0.1016868  0.1112344  0.1222275  0.1371429  0.1540213  0.1737913  0.1943105  0.222309   0.2610415  0.3509121  0.3880539  0.411126  0.4307489  0.4443076  0.4518949  0.4531488  0.4491852  0.4381933  0.4208137  0.392813   0.3405795  0.3248168  0.3173858  0.3148163  0.3171913  0.3242388  0.3338761  0.3476362  0.3635067  0.3865752  0.4155401  0.4415617  0.4716239  0.5060674  0.5452524  0.5895591  0.6393886  0.7050684  0.7683447  0.8635951  0.9723781  1.079663  1.217319   1.372405   1.546457   1.715594   1.929701   2.16777  2.431757   2.72374    3.04593    3.494727   3.999285   4.505401  5.130717   5.828148   6.686341   7.556805   8.520966   9.040662  ][0.         0.0017305  0.00327945 0.00466372 0.00589908 0.00700029  0.00798111 0.00885436 0.00963199 0.01032509 0.01094395 0.01149811  0.0119167  0.01230126 0.01265621 0.01298569 0.01329355 0.01358338  0.01385849 0.01412197 0.01442689 0.01472365 0.01501631 0.01535757  0.01565347 0.01605844 0.01648046 0.01703978 0.01764145 0.01863702  0.02410743 0.02680812 0.02979458 0.03288799 0.03616936 0.04036263  0.04456109 0.05030976 0.05713001 0.06349054 0.07110394 0.07859154  0.08588229 0.09289571 0.09940073 0.1046947  0.1111927  0.1184067  0.1211859  0.1231095  0.1246298  0.1260972  0.1272444  0.1283774  0.1295138  0.1306763  0.1318667  0.1330611  0.1344084  0.135852  0.1374141  0.1391175  0.1409852  0.1434492  0.1462153  0.1494934  0.1529904  0.1579898  0.1654817  0.1869001  0.1987236  0.2079142  0.2180167  0.2280798  0.2383861  0.2474365  0.2564598  0.2666647  0.2765433  0.2879341  0.3051688  0.3111574  0.3153317  0.3191249  0.3226009  0.3258081  0.3284406  0.3311666  0.3336556  0.3366559  0.3398644  0.3424357  0.3451753  0.3481084  0.3512624  0.3546668  0.3583536  0.3630592  0.3674794  0.3740072  0.3813511  0.3885332  0.3977211  0.40808    0.4197554  0.4311726  0.4457538  0.4621437  0.4805418  0.5011638  0.5242425  0.5569458  0.5944159  0.632687  0.6808676  0.7356619  0.8044916  0.8757073  0.9560962  1.        ],[-1.      -0.994   -0.988   -0.982   -0.976   -0.97    -0.964   -0.958  -0.952   -0.946   -0.94    -0.934   -0.929   -0.924   -0.919   -0.914  -0.909   -0.904   -0.899   -0.894   -0.888   -0.882   -0.876   -0.869  -0.863   -0.855   -0.847   -0.837   -0.827   -0.812   -0.75    -0.726  -0.702   -0.679   -0.656   -0.628   -0.601   -0.565   -0.523   -0.484  -0.437   -0.39    -0.343   -0.296   -0.25    -0.21    -0.156   -0.0859  -0.0546  -0.0312  -0.0117   0.00785  0.0235   0.0391   0.0547   0.0704   0.086    0.101    0.117    0.133    0.149    0.165    0.181    0.2   0.219    0.239    0.258    0.282    0.313    0.383    0.415    0.438   0.462    0.485    0.508    0.528    0.548    0.571    0.594    0.622   0.669    0.687    0.7      0.712    0.723    0.733    0.741    0.749   0.756    0.764    0.772    0.778    0.784    0.79     0.796    0.802   0.808    0.815    0.821    0.829    0.837    0.844    0.852    0.86   0.868    0.875    0.883    0.891    0.899    0.907    0.915    0.925   0.935    0.944    0.954    0.964    0.975    0.985    0.995    1.     ]
13000000.0,126,[0.3268934  0.2935321  0.263217   0.2357455  0.2109249  0.1885729  0.1685163  0.1505916  0.1346438  0.1205263  0.1081009  0.09894445  0.08928734 0.08097144 0.07388652 0.06792889 0.0637549  0.05961547  0.0563429  0.0538562  0.05207964 0.05081045 0.05033634 0.0503646  0.05108699 0.05248054 0.05499944 0.05820475 0.06394323 0.07444724  0.09163406 0.1016476  0.1105655  0.1179943  0.126379   0.1347821  0.1428842  0.1599667  0.1671718  0.1699297  0.1705047  0.1690068  0.1655527  0.1598547  0.1523471  0.1456532  0.1297884  0.1075482  0.1000613  0.09371321 0.08960336 0.0873118  0.0860355  0.08590953  0.08706255 0.08954566 0.09238441 0.09623651 0.1010588  0.1068852  0.1137435  0.1245279  0.1363623  0.1508266  0.1660904  0.1889223  0.2130836  0.2466793  0.2941655  0.4210197  0.4685489  0.498025  0.5219525  0.5394652  0.5469486  0.5479587  0.5413553  0.5277169  0.5198105  0.4960136  0.4638283  0.4192674  0.3084958  0.2849184  0.2645961  0.2523614  0.2442739  0.2393751  0.2381499  0.2397734  0.2441153  0.2515101  0.2622912  0.2768133  0.2954538  0.3186132  0.3467167  0.3802154  0.4195869  0.465337   0.5087198  0.5675758  0.634407   0.7098387  0.7945309  0.8726828  0.9761873  1.091023  1.217997   1.357958   1.538855   1.710081   1.897283   2.173551  2.482708   2.827553   3.211064   3.636418   4.169171   4.694924  5.273803   5.909896   6.699303   7.675817   8.766333   9.603069  ][0.         0.00186128 0.00353152 0.00502841 0.00636842 0.00756692  0.00863818 0.00959551 0.01045121 0.01121672 0.0119026  0.01242021  0.01298491 0.01349569 0.01396026 0.01438571 0.01471492 0.01508503  0.01543291 0.01576351 0.01608132 0.01644144 0.01674488 0.01704698  0.01745279 0.01786706 0.01840446 0.01897048 0.01988659 0.02154728  0.02470282 0.0270222  0.02956876 0.0321972  0.03598499 0.04107763  0.04760279 0.06547099 0.07561228 0.08218576 0.08882423 0.09408666  0.09927233 0.1044788  0.1093179  0.1127449  0.1192178  0.126599  0.129028   0.1312952  0.1330917  0.1344716  0.1358237  0.1371735  0.1385227  0.1398738  0.140929   0.1420607  0.1432445  0.1444922  0.145816   0.1477222  0.1496789  0.1519764  0.1543533  0.1579034  0.1617225  0.1672397  0.1756228  0.203515   0.2177481  0.2288637  0.2405934  0.2533304  0.2636513  0.2746004  0.2854935  0.2956497  0.2998398  0.3094901  0.3190885  0.3292441  0.3478021  0.3513626  0.3546597  0.356986   0.3589725  0.3609071  0.3623397  0.3640124  0.3654641  0.366951   0.3684924  0.3701097  0.3718265  0.3736687  0.3756647  0.3778455  0.3802449  0.3828997  0.3853348  0.3885637  0.3921696  0.3962023  0.4007154  0.4048834  0.41043    0.4166316  0.4235587  0.4312866  0.4414254  0.4511722  0.4619943  0.4782776  0.4969026  0.5181436  0.5422981  0.569688   0.6048132  0.6402696  0.6801445  0.7248793  0.7816207  0.8534963  0.9357071  1.        ],[-1.     -0.994  -0.988  -0.982  -0.976  -0.97   -0.964  -0.958  -0.952  -0.946  -0.94   -0.935  -0.929  -0.923  -0.917  -0.911  -0.906  -0.9  -0.894  -0.888  -0.882  -0.875  -0.869  -0.863  -0.855  -0.847  -0.837  -0.827  -0.812  -0.788  -0.75   -0.726  -0.702  -0.679  -0.648  -0.609  -0.562  -0.444  -0.382  -0.343  -0.304  -0.273  -0.242  -0.21   -0.179  -0.156  -0.109  -0.0468 -0.0234  0.      0.0196  0.0352  0.0508  0.0665   0.0821  0.0974  0.109   0.121   0.133   0.145   0.157   0.173   0.188   0.204   0.219   0.239   0.258   0.282   0.313   0.391   0.423   0.446   0.469   0.493   0.512   0.532   0.552   0.571   0.579   0.598   0.618   0.641   0.692   0.704   0.716   0.725   0.733   0.741   0.747   0.754   0.76    0.766   0.772   0.778   0.784   0.79    0.796   0.802   0.808   0.814   0.819   0.825   0.831   0.837   0.843   0.848   0.854   0.86   0.866   0.872   0.879   0.885   0.891   0.899   0.907   0.915   0.923   0.931   0.94    0.948   0.956   0.964   0.973   0.983   0.993   1.    ]
14000000.0,134,[ 0.3398767   0.305351    0.2740238   0.2456729   0.2200881   0.1970705   0.176432    0.1579953   0.1415929   0.1270669   0.1142687   0.1048223   0.09483476  0.08620046  0.07880249  0.07253135  0.06809203  0.06362545   0.06001262  0.0571693   0.05501713  0.05328297  0.05238558  0.05192325   0.05217864  0.05332653  0.05477978  0.05763772  0.06200256  0.08114859   0.08833315  0.09464991  0.101606    0.110293    0.1219081   0.1284725   0.1399595   0.1697947   0.1788238   0.1838675   0.1866573   0.1868185   0.1849948   0.1800855   0.1724413   0.1624306   0.1505278   0.1218352   0.113358    0.1062835   0.1019189   0.09964812  0.09863975  0.09906706   0.1009804   0.103639    0.1073693   0.1122241   0.1182498   0.1254856   0.1339626   0.1463374   0.1617374   0.1782331   0.1979858   0.2242255   0.2548902   0.2883339   0.3445484   0.4936508   0.5469168   0.5817697   0.6078089   0.6225532   0.6302953   0.6290404   0.618739    0.6027968   0.5750444   0.5443425   0.5097896   0.46739     0.4078771   0.2702782   0.2317911   0.2053148   0.1868982   0.1751073   0.1668368   0.1590468   0.1545586   0.1521086   0.1519126   0.1535319   0.1568627   0.1620334   0.1691781   0.1784368   0.1899556   0.2038867   0.2203891   0.2396281   0.2617761   0.2870126   0.3155243   0.3475058   0.3926706   0.4439859   0.5018848   0.5668215   0.6392725   0.7197368   0.8087375   0.9275791   1.060498    1.182774    1.344271    1.522975    1.720107    1.936954   2.174872    2.435287    2.719701    3.029693    3.485687    3.927685   4.485958    5.105432    5.791135    6.648401    7.49307     8.421899   9.711251   10.1277    ][0.         0.00193568 0.0036738  0.00523289 0.00663017 0.00788165  0.00900215 0.01000544 0.0109042  0.01171018 0.01243419 0.01298192  0.01358089 0.014124   0.01461901 0.015073   0.01542456 0.01581971  0.01619062 0.01654217 0.01687873 0.01725778 0.01757479 0.01799203  0.01840844 0.01893597 0.0193684  0.02004291 0.02094021 0.02509158  0.02712536 0.02932116 0.03236313 0.0372368  0.04455113 0.04843202  0.05474017 0.07162175 0.07859411 0.08421583 0.08995895 0.09574781  0.1002096  0.10586829 0.11133249 0.11652298 0.12142078 0.13099437  0.13374617 0.13632696 0.13835696 0.13992916 0.14148576 0.14302786  0.14453826 0.14576595 0.14703195 0.14834955 0.14973235 0.15119475  0.15275145 0.15485374 0.15731834 0.15986814 0.16287794 0.16688893  0.17168013 0.17711232 0.18692201 0.21961178 0.23574056 0.24928475  0.26296494 0.27465333 0.28718181 0.2997752  0.31162909 0.32140138  0.33259087 0.34154596 0.34945195 0.35726934 0.36602203 0.38060232  0.38386582 0.38605131 0.38762021 0.38870621 0.38956111 0.39053881  0.39132281 0.39208951 0.39284961 0.39346051 0.39408131 0.39471911  0.39538151 0.3960767  0.3968135  0.3976012  0.3984498  0.3993698  0.4003726  0.4014702  0.4026753  0.4040014  0.40585179 0.40794339  0.41030809 0.41297989 0.41599508 0.41939258 0.42321378 0.42842267  0.43438687 0.43999506 0.44757615 0.45617784 0.46590703 0.47687822  0.48921371 0.5030442  0.51850918 0.53575736 0.56181884 0.58776561  0.62142018 0.65978574 0.703372   0.75934984 0.81591568 0.87957552  0.97024123 1.        ],[-1.     -0.994  -0.988  -0.982  -0.976  -0.97   -0.964  -0.958  -0.952  -0.946  -0.94   -0.935  -0.929  -0.923  -0.917  -0.911  -0.906  -0.9  -0.894  -0.888  -0.882  -0.875  -0.869  -0.861  -0.853  -0.843  -0.835  -0.823  -0.808  -0.75   -0.726  -0.702  -0.671  -0.625  -0.562  -0.531  -0.484  -0.375  -0.335  -0.304  -0.273  -0.242  -0.218  -0.187  -0.156  -0.125  -0.0937 -0.0234  0.      0.0235  0.043   0.0586  0.0743  0.0899   0.105   0.117   0.129   0.141   0.153   0.165   0.177   0.192   0.208   0.223   0.239   0.258   0.278   0.298   0.329   0.407   0.438   0.462   0.485   0.504   0.524   0.544   0.563   0.579   0.598   0.614   0.629   0.645   0.665   0.708   0.721   0.731   0.739   0.745   0.75    0.756   0.761   0.766   0.771   0.775   0.779   0.783   0.787   0.791   0.795   0.799   0.803   0.807   0.811   0.815   0.819   0.823   0.828   0.833   0.838   0.843   0.848   0.853   0.858   0.864   0.87    0.875   0.881   0.887   0.893   0.899   0.905   0.911   0.917   0.923   0.931   0.938   0.946   0.954   0.962   0.971   0.979   0.987   0.997   1.    ]
14500000.0,142,[ 0.3412225   0.306321    0.2747018   0.2461315   0.2203896   0.1972678   0.1765695   0.1581092   0.1417122   0.127214    0.1144602   0.1050594   0.09513283  0.08656208  0.07922636  0.0730127   0.06861545  0.06419005   0.06060609  0.05777739  0.05562396  0.05386653  0.05292936  0.05238422   0.05252186  0.05347291  0.05549074  0.05919223  0.06786228  0.07730032   0.08311174  0.08807412  0.09468227  0.1054055   0.1128343   0.1201221   0.1311248   0.1465039   0.1702105   0.1816933   0.1884056   0.1925849   0.1937943   0.1932038   0.1917326   0.1881207   0.180605    0.1704378   0.1549548   0.1282464   0.1179529   0.1119104   0.1073367   0.1049621   0.1039516   0.1044323   0.1058631   0.1083848   0.1120294   0.1168555   0.1229149   0.130252    0.138903    0.1516043   0.1674941   0.1845886   0.2051344   0.2325275   0.2646555   0.3071673   0.3671224   0.5098522   0.5678941   0.6123099   0.6404555   0.6564706   0.6649515   0.6636784   0.6525259   0.640192    0.6120238   0.5800732   0.5434995   0.4979385   0.4465032   0.3760413   0.2623045   0.2173477   0.1918508   0.1687179   0.1533168   0.1399244   0.1305361   0.1229762   0.11839     0.1152298   0.1136183   0.113684    0.1149148   0.1172236   0.1206714   0.1253215   0.1312389   0.1384912   0.1471478   0.1572807   0.168964    0.1822743   0.1972908   0.220108    0.2463039   0.2760874   0.309676    0.347296   0.3891833   0.4355828   0.4867498   0.5578175   0.6372903   0.7257357   0.8237487   0.9319532   1.051003    1.209144    1.354507    1.546371   1.758547    1.992486    2.249717    2.531851    2.840587    3.177713   3.545111    4.014652    4.609302    5.270924    6.00516     6.711908   7.598849    8.57683     9.6531     10.37909   ][0.         0.00194263 0.0036857  0.0052482  0.00664776 0.00790074  0.00902225 0.01002628 0.01092574 0.01173252 0.01245754 0.01300634  0.01360692 0.014152   0.01464937 0.01510609 0.01546016 0.01585858  0.01623297 0.01658812 0.01692833 0.01731155 0.01763194 0.01805319  0.01847281 0.01900278 0.01965656 0.02057402 0.02254336 0.02501112  0.02693606 0.02899029 0.03255404 0.03955711 0.04381279 0.04742361  0.05232293 0.0588472  0.0699322  0.07697028 0.08270681 0.08861217  0.09305553 0.09769951 0.10077903 0.10514733 0.11086253 0.11630374  0.12263264 0.13148264 0.13485554 0.13709674 0.13923444 0.14090094  0.14253044 0.14412454 0.14534424 0.14662974 0.14795224 0.14932555  0.15076414 0.15228315 0.15389805 0.15607685 0.15862965 0.16127025  0.16438805 0.16854585 0.17351765 0.18037955 0.19083106 0.22152517  0.23823027 0.25475318 0.26915998 0.28148078 0.29469499 0.30798129  0.3204852  0.3282415  0.3401376  0.34967441 0.35810121 0.36643271  0.37398821 0.38221362 0.39210802 0.39522572 0.39686252 0.39830482  0.39927092 0.40015062 0.40082682 0.40146062 0.40194332 0.40241052  0.40286822 0.40332282 0.40366572 0.40401392 0.40437072 0.40473972  0.40512452 0.40552912 0.40595762 0.40641422 0.40690362 0.40743052  0.40799982 0.40883462 0.40976742 0.41081222 0.41198372 0.41329762  0.41477062 0.41642012 0.41826483 0.42087623 0.42386403 0.42727163  0.43114533 0.43553463 0.44049203 0.44727243 0.45368154 0.46238414  0.47229894 0.48355204 0.49627865 0.51062335 0.52674066 0.54479556  0.56496407 0.59142328 0.62591909 0.66544    0.71054431 0.75505403  0.81229704 0.87699976 0.94991949 1.        ],[-1.     -0.994  -0.988  -0.982  -0.976  -0.97   -0.964  -0.958  -0.952  -0.946  -0.94   -0.935  -0.929  -0.923  -0.917  -0.911  -0.906  -0.9  -0.894  -0.888  -0.882  -0.875  -0.869  -0.861  -0.853  -0.843  -0.831  -0.815  -0.784  -0.75   -0.726  -0.702  -0.663  -0.593  -0.554  -0.523  -0.484  -0.437  -0.367  -0.327  -0.296  -0.265  -0.242  -0.218  -0.202  -0.179  -0.148  -0.117  -0.0781 -0.0156  0.0118  0.0313  0.0508  0.0665   0.0821  0.0974  0.109   0.121   0.133   0.145   0.157   0.169   0.181   0.196   0.212   0.227   0.243   0.262   0.282   0.306   0.337   0.407   0.438   0.466   0.489   0.508   0.528   0.548   0.567   0.579   0.598   0.614   0.629   0.645   0.661   0.681   0.712   0.725   0.733   0.741   0.747   0.753   0.758   0.763   0.767   0.771   0.775   0.779   0.782   0.785   0.788   0.791   0.794   0.797   0.8     0.803   0.806   0.809   0.812   0.816   0.82    0.824   0.828   0.832   0.836   0.84    0.844   0.849   0.854   0.859   0.864   0.869   0.874   0.88    0.885   0.891   0.897   0.903   0.909   0.915   0.921   0.927   0.933   0.94    0.948   0.956   0.964   0.971   0.979   0.987   0.995   1.    ]
15000000.0,146,[ 0.3386805   0.3036603   0.2719964   0.2434445   0.2177738   0.1947668   0.1742185   0.1559355   0.1397363   0.12545     0.1129162   0.1037014   0.09399697  0.08564348  0.07851641  0.07249954  0.0682552   0.06399792   0.06056334  0.05786355  0.05581717  0.05415555  0.05308064  0.05274427   0.05316423  0.05431113  0.05638104  0.05964668  0.07101696  0.07587056   0.0800582   0.08428289  0.09304507  0.09788717  0.1023511   0.1077697   0.1166222   0.1274584   0.139201    0.1699937   0.1835379   0.1916229   0.1969236   0.1987854   0.198707    0.1966533   0.1940984   0.1888849   0.179277    0.167267    0.1331452   0.1239578   0.1163905   0.1117552   0.1093983   0.108475    0.109098    0.1107614   0.1135387   0.1174973   0.1226985   0.1291964   0.1370374   0.1487836   0.1597687   0.1755089   0.1947588   0.2150805   0.2454818   0.2654421   0.3223277   0.3853349   0.5372259   0.5976895   0.6361275   0.6677895   0.6850998   0.6944609   0.6934399   0.681819    0.6634233   0.6387697   0.6045161   0.5651165   0.5158039   0.459853    0.3827201   0.2448407   0.1988431   0.1704258   0.1507522   0.1328209   0.1194465   0.1077161   0.09966177  0.09291721   0.0887928   0.08552946  0.08318378  0.0818144   0.08148206  0.08224964   0.08418223  0.08734719  0.0918142   0.09765534  0.1049451   0.1137606   0.1241813   0.1362896   0.1501703   0.1659113   0.1836031   0.2033392   0.2252161   0.2493333   0.2757937   0.3149026   0.3586259   0.4072349   0.4610116   0.5202498   0.5852552   0.6751073   0.7751169   0.8859649   1.008366    1.143069    1.322059    1.521326    1.74238     1.986818   2.256324    2.552677    2.877756    3.23354     3.622116    4.119839   4.751739    5.456565    6.240611    6.99692     7.948016    8.998961  10.1579     10.6221    ][0.         0.00192702 0.00365399 0.00520031 0.00658397 0.00782159  0.00892855 0.00991901 0.01080603 0.01160159 0.01231669 0.01285823  0.01345133 0.01399025 0.01448273 0.01493578 0.01528767 0.01568443  0.01605811 0.01641339 0.01675443 0.01713933 0.01756827 0.01799157  0.01852111 0.01905849 0.01972264 0.02059285 0.02366345 0.02535266  0.02722381 0.0297711  0.03668689 0.03974181 0.04204455 0.04446094  0.04793901 0.0518443  0.05597752 0.06803611 0.07510674 0.08092173  0.0869442  0.09149485 0.09626476 0.1008114  0.1039374  0.1083417  0.1140482  0.119437   0.1311681  0.1341891  0.1370012  0.1392256  0.1409617  0.1426611  0.1443038  0.145623   0.1469688  0.148355  0.1497962  0.1513076  0.152905   0.1550487  0.1569     0.1594146  0.1623767  0.1654505  0.1700561  0.1731216  0.182232   0.1932008  0.2259517  0.2435429  0.2577318  0.2733788  0.2862312  0.3000268  0.3139058  0.3269708  0.3377327  0.3474991  0.3574454  0.3662176  0.374865   0.3826703  0.391096   0.4017645  0.4044266  0.4059037  0.4068672  0.4077179  0.4083486  0.4089165  0.4093313  0.4097165  0.4099891  0.4102506  0.4105037  0.4107512  0.4109961  0.4112417  0.4114913  0.4117486  0.4120173  0.4123015  0.4126054  0.4129335  0.4132904  0.4136811  0.4141108  0.4145849  0.4151092  0.4156896  0.4163324  0.4170442  0.4178319  0.4190133  0.4203604  0.4218921  0.4236286  0.4255911  0.4278021  0.430953   0.4345786  0.4387313  0.4434671  0.4488457  0.4562411  0.4647713  0.4745624  0.48575  0.4984794  0.5129064  0.5291977  0.5475316  0.5680986  0.5951954  0.6306817  0.6715149  0.7183036  0.764635   0.8244147  0.8922026  0.96883    1.        ],[-1.     -0.994  -0.988  -0.982  -0.976  -0.97   -0.964  -0.958  -0.952  -0.946  -0.94   -0.935  -0.929  -0.923  -0.917  -0.911  -0.906  -0.9  -0.894  -0.888  -0.882  -0.875  -0.867  -0.859  -0.849  -0.839  -0.827  -0.812  -0.765  -0.742  -0.718  -0.687  -0.609  -0.577  -0.554  -0.531  -0.5    -0.468  -0.437  -0.359  -0.319  -0.288  -0.257  -0.234  -0.21  -0.187  -0.171  -0.148  -0.117  -0.0859 -0.0078  0.0157  0.0391  0.0586   0.0743  0.0899  0.105   0.117   0.129   0.141   0.153   0.165   0.177   0.192   0.204   0.219   0.235   0.25    0.27    0.282   0.313   0.344   0.415   0.446   0.469   0.493   0.512   0.532   0.552   0.571   0.587   0.602   0.618   0.633   0.649   0.665   0.685   0.719   0.731   0.739   0.745   0.751   0.756   0.761   0.765   0.769   0.772   0.775   0.778   0.781   0.784   0.787   0.79    0.793   0.796   0.799   0.802   0.805   0.808   0.811   0.814   0.817   0.82    0.823   0.826   0.829   0.832   0.836   0.84    0.844   0.848   0.852   0.856   0.861   0.866   0.871   0.876   0.881   0.887   0.893   0.899   0.905   0.911   0.917   0.923   0.929   0.935   0.942   0.95    0.958   0.966   0.973   0.981   0.989   0.997   1.    ]
16000000.0,158,[ 0.3210806   0.286957    0.256253    0.2287078   0.2040757   0.1821255   0.1626399   0.1454146   0.1302581   0.116991    0.1054451   0.09702482   0.08823422  0.08074657  0.07443305  0.06917389  0.06551621  0.0619072   0.05905847  0.05688089  0.05529236  0.05408323  0.05341817  0.05345121   0.05421601  0.05580755  0.05993316  0.06569573  0.06925078  0.07160826   0.07305002  0.07398875  0.07456781  0.07553073  0.07743879  0.07937558   0.08324231  0.08822556  0.09417383  0.1005195   0.1097179   0.1231818   0.1675461   0.1804139   0.1909926   0.1984032   0.2021113   0.2033906   0.2024649   0.1979514   0.1899895   0.1791244   0.1627124   0.1387469   0.1297387   0.1235207   0.1188558   0.1165423   0.115686    0.116444   0.1182596   0.1212306   0.1254291   0.1309211   0.1377658   0.1483007   0.1583618   0.1730287   0.1912668   0.2107991   0.2341938   0.2670236   0.3035773   0.3496833   0.4172167   0.5790625   0.6427617   0.6826972   0.7136714   0.7313704   0.738779    0.7349129   0.7225722   0.7029538   0.6814446   0.6366656   0.5889217   0.5325488   0.468541    0.4029767   0.2224273   0.1784192   0.1455013   0.1226468   0.1050885   0.09217543   0.08040142  0.07239542  0.06515894  0.05875093  0.05323265  0.05007941   0.04736928  0.04512222  0.04335865  0.04209954  0.04136636  0.04118112   0.04156635  0.04254515  0.04414117  0.04637862  0.04928231  0.05287762   0.05719055  0.0622477   0.06807629  0.0747042   0.08215992  0.09047262   0.09967214  0.109789    0.1208544   0.139301    0.1600646   0.1832597   0.2090046   0.2374215   0.2686368   0.302781    0.3399888   0.3946057   0.4552588   0.5223049   0.5961159   0.6770794   0.7655992   0.8875175   1.022761    1.172233    1.336883    1.51771     1.757533    2.024071   2.319345    2.645498    3.004795    3.399633    3.908583    4.389308   4.914097    5.485962    6.327198    7.142876    8.173742    9.318635  10.58736    11.09718   ][0.         0.00182411 0.00345374 0.00490863 0.00620698 0.00736558  0.00839988 0.00932404 0.01015106 0.01089281 0.01156012 0.01206629  0.01262207 0.01312901 0.01359455 0.01402537 0.0143621  0.01474437  0.01510727 0.01545509 0.01579161 0.01617442 0.01660443 0.01713878  0.01767712 0.01833726 0.01966828 0.02161553 0.02323489 0.02485477  0.02659067 0.02945793 0.03176056 0.03348669 0.03532232 0.03657683  0.03844694 0.04033309 0.04224828 0.04409787 0.04662072 0.05023068  0.06389489 0.06928827 0.07504507 0.08088601 0.08589244 0.09075846  0.0954258  0.10163221 0.10764531 0.11338501 0.12006791 0.12830531  0.13145331 0.13392261 0.13629791 0.13813401 0.13987571 0.14173271  0.14314091 0.14457781 0.14605782 0.14759591 0.14920801 0.15135351  0.15319352 0.15567892 0.15859332 0.16160882 0.16516872 0.17018092  0.17588692 0.18339942 0.19528642 0.23065432 0.24959263 0.26483543  0.28089363 0.29534403 0.31004553 0.32404563 0.33570553 0.34639694  0.35470334 0.36722534 0.37703004 0.38600184 0.39401054 0.40054694  0.41274234 0.41474654 0.41604224 0.41684664 0.41741594 0.41781044  0.41815564 0.41838484 0.41859114 0.41877704 0.41894504 0.41904834  0.41914574 0.41923824 0.41932674 0.41941224 0.41949574 0.41957824  0.41966094 0.41974504 0.41983174 0.41992224 0.42001794 0.42012014  0.42023024 0.42034964 0.42047994 0.42062274 0.42077964 0.42095224  0.42114234 0.42135184 0.42158244 0.42197264 0.42242164 0.42293664  0.42352504 0.42419464 0.42495374 0.42581084 0.42677504 0.42824424  0.42994394 0.43189904 0.43413584 0.43668224 0.43956764 0.44370044  0.44847614 0.45396365 0.46023645 0.46737295 0.47719865 0.48854345  0.50157365 0.51646815 0.53341905 0.55263235 0.57821116 0.60310486  0.63101506 0.66221527 0.70946787 0.75661318 0.81787968 0.88784919  0.9674732  1.        ],[-1.      -0.994   -0.988   -0.982   -0.976   -0.97    -0.964   -0.958  -0.952   -0.946   -0.94    -0.935   -0.929   -0.923   -0.917   -0.911  -0.906   -0.9     -0.894   -0.888   -0.882   -0.875   -0.867   -0.857  -0.847   -0.835   -0.812   -0.781   -0.757   -0.734   -0.71    -0.671  -0.64    -0.617   -0.593   -0.577   -0.554   -0.532   -0.511   -0.492  -0.468   -0.437   -0.343   -0.312   -0.281   -0.251   -0.226   -0.202  -0.179   -0.148   -0.117   -0.0859  -0.0468   0.00785  0.0313   0.0508   0.0704   0.086    0.101    0.117    0.129    0.141    0.153    0.165   0.177    0.192    0.204    0.219    0.235    0.25     0.266    0.286   0.306    0.329    0.36     0.431    0.462    0.485    0.508    0.528   0.548    0.567    0.583    0.598    0.61     0.629    0.645    0.661   0.677    0.692    0.731    0.741    0.749    0.755    0.76     0.764   0.768    0.771    0.774    0.777    0.78     0.782    0.784    0.786   0.788    0.79     0.792    0.794    0.796    0.798    0.8      0.802   0.804    0.806    0.808    0.81     0.812    0.814    0.816    0.818   0.82     0.822    0.824    0.827    0.83     0.833    0.836    0.839   0.842    0.845    0.848    0.852    0.856    0.86     0.864    0.868   0.872    0.877    0.882    0.887    0.892    0.897    0.903    0.909   0.915    0.921    0.927    0.933    0.94     0.946    0.952    0.958   0.966    0.973    0.981    0.989    0.997    1.     ]
17000000.0,172,[ 0.2886622   0.257078    0.2288145   0.2036071   0.1812074   0.161382   0.1439122   0.1285929   0.1152323   0.1036512   0.09368205  0.08516904   0.07908211  0.07286897  0.06772688  0.06353841  0.06069788  0.05798172   0.0559329   0.05446542  0.05327768  0.05280102  0.05309414  0.0540156   0.05506459  0.06270516  0.06510153  0.06671329  0.06735058  0.06719418   0.06580268  0.06356004  0.06280956  0.06289569  0.06389419  0.06545935   0.06828655  0.07221136  0.0775326   0.08367572  0.08961134  0.09281849   0.1065261   0.1217155   0.1536108   0.1679686   0.1802969   0.18962   0.1950596   0.198091    0.1988977   0.1976475   0.1956009   0.1910742   0.1823348   0.1681537   0.1400332   0.1320242   0.1266102   0.1228022   0.1211846   0.1209285   0.1223872   0.1247234   0.1282108   0.1329217   0.1347757   0.1456104   0.1542484   0.1670829   0.1833375   0.2010234   0.2225111   0.2466779   0.2805351   0.300801    0.3635456   0.432969   0.599968    0.6658219   0.707006    0.7351931   0.7543802   0.76276   0.759151    0.7474621   0.7257539   0.6870094   0.6432876   0.5896509   0.5267859   0.4605757   0.3840243   0.229352    0.1816939   0.1502677   0.1250958   0.1056678   0.0913189   0.07817898  0.06920448  0.0610558   0.0537999   0.04949294  0.04563505  0.04224819  0.03935485  0.03697818   0.03514189  0.03443398  0.03387034  0.03345412  0.03318851  0.03307673   0.03312204  0.03332775  0.03369721  0.03423382  0.03494101  0.03582225   0.03688106  0.03812103  0.03954574  0.04115886  0.0429641   0.04496518   0.04716592  0.04957015  0.05218175  0.05804285  0.0647813   0.07242993   0.08102237  0.09059308  0.1011773   0.1128113   0.1255319   0.139377   0.1543854   0.1791662   0.2067916   0.2374044   0.2711521   0.3081874   0.3486683   0.3927581   0.4406257   0.5106282   0.5880876   0.6734532   0.7671938   0.8697988   1.011301    1.168499    1.342497    1.534454   1.745594    1.977201    2.284058    2.565557    2.936556    3.346382   3.877493    4.381701    4.934602    5.539702    6.200712    7.047807   8.124174    9.326196   10.66528    11.57721   ][0.         0.00163722 0.0030949  0.00439216 0.00554661 0.00657438  0.00749026 0.00830777 0.00903925 0.0096959  0.0102879  0.01082445  0.01123508 0.01169093 0.01211272 0.01250652 0.01281711 0.01317315  0.01351489 0.01384608 0.01427705 0.0147544  0.01528388 0.01581943  0.01625575 0.01902334 0.0202375  0.02155565 0.02282926 0.02417471  0.02623616 0.02875873 0.03021198 0.03146903 0.03273693 0.03377176  0.03504235 0.03637708 0.03787452 0.039406   0.0407923  0.04152202  0.04461186 0.0481496  0.05682238 0.06180686 0.06720498 0.07275373  0.07756223 0.08228004 0.08684541 0.09140568 0.09455167 0.09899843  0.1048049  0.111657   0.1224898  0.1256729  0.1282075  0.1306393  0.1324692  0.1344061  0.1363526  0.1378353  0.1393529  0.1409197  0.1414551  0.1441188  0.145918   0.148328   0.1511314  0.1540141  0.1574024  0.1611559  0.166428   0.1696253  0.1799227  0.1922687  0.228938   0.2485577  0.2643452  0.2787672  0.2936629  0.3088343  0.3232925  0.3345921  0.3463778  0.3597991  0.3704415  0.380305  0.3892365  0.3966417  0.4033985  0.4129058  0.414961   0.4161229  0.416949   0.4175259  0.4179199  0.4182589  0.41848    0.4186754  0.4188477  0.418951   0.4190461  0.419134   0.4192156  0.4192919  0.419364   0.4193988  0.419433   0.4194667  0.4195     0.4195331  0.4195662  0.4195994  0.4196329  0.4196669  0.4197015  0.4197369  0.4197733  0.4198108  0.4198496  0.41989    0.4199321  0.4199761  0.4200222  0.4200706  0.4201215  0.4202317  0.4203545  0.4204917  0.4206452  0.4208168  0.4210086  0.4212226  0.4214609  0.4217258  0.4220196  0.4225199  0.4230988  0.4237651  0.4245279  0.4253969  0.4263822  0.4274943  0.4287444  0.4306469  0.4328443  0.4353674  0.4382487  0.4415227  0.4462254  0.4516749  0.4579524  0.4651448  0.4733449  0.4826519  0.4954357  0.5075597  0.524066   0.5429148  0.5681984  0.592976   0.6209249  0.6523478  0.687569   0.7339388  0.7946267  0.8644282  0.9443941  1.        ],[-1.     -0.994  -0.988  -0.982  -0.976  -0.97   -0.964  -0.958  -0.952  -0.946  -0.94   -0.934  -0.929  -0.923  -0.917  -0.911  -0.906  -0.9  -0.894  -0.888  -0.88   -0.871  -0.861  -0.851  -0.843  -0.796  -0.777  -0.757  -0.738  -0.718  -0.687  -0.648  -0.625  -0.605  -0.585  -0.569  -0.55   -0.531  -0.511  -0.492  -0.476  -0.468  -0.437  -0.406  -0.343  -0.312  -0.281  -0.251  -0.226  -0.202  -0.179  -0.156  -0.14   -0.117  -0.0859 -0.0468  0.0235  0.0469  0.0665  0.086   0.101   0.117   0.133   0.145   0.157   0.169   0.173   0.192   0.204   0.219   0.235   0.25   0.266   0.282   0.302   0.313   0.344   0.375   0.446   0.477   0.5   0.52    0.54    0.56    0.579   0.594   0.61    0.629   0.645   0.661   0.677   0.692   0.708   0.739   0.749   0.756   0.762   0.767   0.771   0.775   0.778   0.781   0.784   0.786   0.788   0.79    0.792   0.794   0.796   0.797   0.798   0.799   0.8     0.801   0.802   0.803   0.804   0.805   0.806   0.807   0.808   0.809   0.81    0.811   0.812   0.813   0.814   0.815   0.816   0.818   0.82    0.822   0.824   0.826   0.828   0.83    0.832   0.834   0.836   0.839   0.842   0.845   0.848   0.851   0.854   0.857   0.86    0.864   0.868   0.872   0.876   0.88    0.885   0.89    0.895   0.9     0.905   0.91    0.916   0.921   0.927   0.933   0.94    0.946   0.952   0.958   0.964   0.971   0.979   0.987   0.995   1.    ]
18000000.0,160,[ 0.2483581   0.2203925   0.1955079   0.1734496   0.1539787   0.1368715   0.1219184   0.1109614   0.1012579   0.09270746  0.08521559  0.07869323   0.07305662  0.06822708  0.06339332  0.05949681  0.0564278   0.05442919   0.05262045  0.05137342  0.05044845  0.05021287  0.05058716  0.05158274   0.05394184  0.05970412  0.06216484  0.0635345   0.06390169  0.06329748   0.06188374  0.05788714  0.05482102  0.05351559  0.05295044  0.05298602   0.05370537  0.05505475  0.05662701  0.06003172  0.06376551  0.06919294   0.07599126  0.08377766  0.09374397  0.1123181   0.1431227   0.1568537   0.1686318   0.1757417   0.181442    0.1856696   0.1871622   0.1864327   0.1839391   0.1780252   0.1696396   0.1515959   0.1386451   0.1310693   0.1263951   0.1242605   0.1239017   0.125057    0.1279203   0.1326783   0.1410314   0.1479341   0.1584429   0.172062    0.1871749   0.2058624   0.2272331   0.2512814   0.2832422   0.3206828   0.3681005   0.4011899   0.623629    0.686807    0.7296866   0.7548923   0.7693739   0.7731514   0.7688017   0.7549407   0.7326975   0.6986578   0.6538067   0.6131955   0.5669101   0.5018351   0.425181    0.2309863   0.1921772   0.1646419   0.1389105   0.1191724   0.1047023   0.09157498  0.0827103   0.07476793   0.06782482  0.06196124  0.05869313  0.05596763  0.05381112  0.05225073   0.05131433  0.05103055  0.05142879  0.05253924  0.05439293  0.05702167   0.06045814  0.06473589  0.06988931  0.07595372  0.08296534  0.09096132   0.09997975  0.1100597   0.1212413   0.1335655   0.1470745   0.1618113   0.1863159   0.2138369   0.2445337   0.2785717   0.3161223   0.357363   0.402478    0.4516575   0.505099    0.5833379   0.6700213   0.7656764   0.8708548   0.9861333   1.145356    1.322542    1.518999    1.736105   1.975317    2.23817     2.587084    2.907764    3.331198    3.718493   4.227605    4.78862     5.405474    6.082351    6.953833    7.77633   8.673832    9.651671   11.09023    12.07328   ][0.         0.00140625 0.00265395 0.00376083 0.00474311 0.00561566  0.00639203 0.00697423 0.00750478 0.00798969 0.0084345  0.00884427  0.00922365 0.00957686 0.00997172 0.01034039 0.01068816 0.0109653  0.01128645 0.01159843 0.01200572 0.01240837 0.01286197 0.01337282  0.01421702 0.01620582 0.01742451 0.01861865 0.01982929 0.02110128  0.02235309 0.02468862 0.0264356  0.0274648  0.02831653 0.02916402  0.03001755 0.03083325 0.03150334 0.0326116  0.03360198 0.03486509  0.03631693 0.03791462 0.03995612 0.04397433 0.05202072 0.05667035  0.06171538 0.06567568 0.06996188 0.07510144 0.08013467 0.08443101  0.08869029 0.09431883 0.09975978 0.1085295  0.1142037  0.1178988  0.1209111  0.1233049  0.1252902  0.1272819  0.1293057  0.1313905  0.1339907  0.1357245  0.1380223  0.1406663  0.1433606  0.1465049  0.1499697  0.1537978  0.1588758  0.1649151  0.1728361  0.1786058  0.2267723  0.2464288  0.264135   0.2789808  0.2934613  0.3058015  0.3173661  0.329556   0.3407133  0.3521641  0.3629838  0.3705858  0.3776664  0.385682   0.3930981  0.4055653  0.407258   0.4083285  0.4092392  0.4098844  0.4103321  0.4107247  0.4109861  0.4112223  0.4114362  0.4116309  0.4117516  0.4118663  0.4119761  0.4120822  0.4121858  0.4122881  0.4123906  0.4124946  0.4126015  0.4127129  0.4128304  0.4129556  0.4130902  0.413236   0.4133949  0.4135688  0.4137597  0.4139697  0.414201   0.4144558  0.4147364  0.4150453  0.4155675  0.4161677  0.4168553  0.41764    0.418532   0.4195422  0.420682   0.4219632  0.4233983  0.4255752  0.4280819  0.4309533  0.4342264  0.4379404  0.4432691  0.4494388  0.4565427  0.4646805  0.4739591  0.4844928  0.4989686  0.5127057  0.5314226  0.5490468  0.5728851  0.5999338  0.6305161  0.6649796  0.7106062  0.7547967  0.8041472  0.8591237  0.9420913  1.        ],[-1.     -0.994  -0.988  -0.982  -0.976  -0.97   -0.964  -0.959  -0.954  -0.949  -0.944  -0.939  -0.934  -0.929  -0.923  -0.917  -0.911  -0.906  -0.9    -0.894  -0.886  -0.878  -0.869  -0.859  -0.843  -0.808  -0.788  -0.769  -0.75   -0.73   -0.71   -0.671  -0.64   -0.621  -0.605  -0.589  -0.573  -0.558  -0.546  -0.527  -0.511  -0.492  -0.472  -0.452  -0.429  -0.39   -0.327  -0.296  -0.265  -0.242  -0.218  -0.19   -0.163  -0.14  -0.117  -0.0859 -0.0546  0.      0.0391  0.0665  0.0899  0.109   0.125   0.141   0.157   0.173   0.192   0.204   0.219   0.235   0.25    0.266   0.282   0.298   0.317   0.337   0.36    0.375   0.469   0.499   0.524   0.544   0.563   0.579   0.594   0.61    0.625   0.641   0.657   0.669   0.681   0.696   0.712   0.75    0.758   0.764   0.77    0.775   0.779   0.783   0.786   0.789   0.792   0.795   0.797   0.799   0.801   0.803   0.805   0.807   0.809   0.811   0.813   0.815   0.817   0.819   0.821   0.823   0.825   0.827   0.829   0.831   0.833   0.835   0.837   0.839   0.842   0.845   0.848   0.851   0.854   0.857   0.86    0.863   0.866   0.87    0.874   0.878   0.882   0.886   0.891   0.896   0.901   0.906   0.911   0.916   0.922   0.927   0.933   0.938   0.944   0.95    0.956   0.962   0.969   0.975   0.981   0.987   0.995   1.    ]
19000000.0,155,[ 0.2076823   0.1836095   0.1623044   0.143531    0.1296605   0.1172743   0.1062586   0.09650636  0.08791629  0.08039313  0.07384718  0.06819408   0.06335457  0.05925431  0.0558236   0.05249903  0.04994027  0.048051   0.04657544  0.04584321  0.04549972  0.04563198  0.04653451  0.04818929   0.05512156  0.05776067  0.05938934  0.06005758  0.05983052  0.05862314   0.05619801  0.04938469  0.04701075  0.04585782  0.04523351  0.0452204   0.04581868  0.04714801  0.04906183  0.05181887  0.05506242  0.05919642   0.06527418  0.07225348  0.08120776  0.09441692  0.1291054   0.1416343   0.1525059   0.1594636   0.1649463   0.1686962   0.1709058   0.1715517   0.1699517   0.1658951   0.1596577   0.1498793   0.1354387   0.1287739   0.1255478   0.1243705   0.1247824   0.1266067   0.1300357   0.1348756   0.1419444   0.1505081   0.1618583   0.1746979   0.1908495   0.2096231   0.2310733   0.2600384   0.2945537   0.3390801   0.3971889   0.4722376   0.6222044   0.6727592   0.7180583   0.7474702   0.7662853   0.7738319   0.7729981   0.762741    0.7436196   0.7125102   0.6817389   0.6446159   0.5896111   0.5392653   0.4647424   0.3687494   0.2710293   0.222066   0.1856802   0.1607225   0.1418636   0.1282792   0.1162241   0.1083004   0.1014286   0.09569709  0.09119848  0.08802935  0.08629054  0.08597775   0.08637962  0.08752936  0.08946112  0.09220996  0.09581195  0.1003042   0.1057246   0.1121125   0.1195079   0.127952    0.1374873   0.1481572   0.1663872   0.1874263   0.2114362   0.2385848   0.2690466   0.3030028   0.3406416   0.3821582   0.4277553   0.4776429   0.532039    0.6119722   0.7008818   0.7993537   0.9080017   1.027469    1.15843     1.339372   1.540828    1.764332    2.011509    2.284073    2.583838    2.647222   3.748862    4.276807    4.860732    5.505066    6.214525    7.131244   7.999429    8.949724    9.988201   11.12131    12.57202   ][0.         0.00117388 0.00221162 0.00312912 0.0038121  0.00442944  0.00498827 0.00549518 0.00595624 0.00637701 0.00676262 0.00711772  0.00744659 0.00775311 0.00804081 0.00836578 0.00867309 0.00896707  0.00929826 0.00957552 0.00994089 0.01021428 0.0107212  0.01128954  0.01335576 0.01442814 0.01548249 0.01649779 0.01763673 0.01882127  0.02019912 0.02304985 0.0241584  0.02490135 0.02563008 0.02635371  0.0270365  0.02778023 0.0285018  0.02930885 0.03011046 0.03102453  0.03226924 0.03364452 0.03540932 0.0381315  0.04684887 0.05104535  0.05560452 0.05934815 0.06324107 0.06707796 0.07098338 0.07509287  0.08038617 0.08554142 0.09063632 0.09667229 0.10447571 0.10861061  0.11153531 0.11403451 0.11602771 0.11803881 0.12009191 0.12207871  0.12429331 0.12648671 0.12898561 0.13150981 0.13443421 0.13763801  0.14116361 0.14582922 0.15137512 0.15866192 0.16860152 0.18251232  0.21644002 0.23133212 0.24802193 0.26267723 0.27705793 0.28937883  0.30098003 0.31326593 0.32456363 0.33621263 0.34457813 0.35253623  0.36179294 0.36856624 0.37659834 0.38451654 0.39059444 0.39305994  0.39469094 0.39573014 0.39648664 0.39702694 0.39751594 0.39785274  0.39816734 0.39846304 0.39874334 0.39901214 0.39927364 0.39944594  0.39961834 0.39979224 0.39996924 0.40015094 0.40033894 0.40053504  0.40074104 0.40095884 0.40119044 0.40143794 0.40170334 0.40198894  0.40246074 0.40299144 0.40358974 0.40426474 0.40502614 0.40588424  0.40684974 0.40793394 0.40914884 0.41050694 0.41202144 0.41430944  0.41693514 0.41993564 0.42335034 0.42722124 0.43159304 0.43783754  0.44503804 0.45330095 0.46274055 0.47347955 0.48564935 0.48826485  0.53623545 0.56031246 0.58772506 0.61882246 0.65398126 0.70069147  0.74608348 0.79693098 0.85374478 0.91707329 1.        ],[-1.     -0.994  -0.988  -0.982  -0.977  -0.972  -0.967  -0.962  -0.957  -0.952  -0.947  -0.942  -0.937  -0.932  -0.927  -0.921  -0.915  -0.909  -0.902  -0.896  -0.888  -0.882  -0.871  -0.859  -0.819  -0.8    -0.782  -0.765  -0.746  -0.726  -0.702  -0.648  -0.625  -0.609  -0.593  -0.577  -0.562  -0.546  -0.531  -0.515  -0.5    -0.484  -0.464  -0.444  -0.421  -0.39   -0.312  -0.281  -0.25   -0.226  -0.202  -0.179  -0.156  -0.132  -0.101  -0.0703 -0.039   0.      0.0547  0.086   0.109   0.129   0.145   0.161   0.177   0.192   0.208   0.223   0.239   0.254   0.27    0.286   0.302   0.321   0.341   0.364   0.391   0.423   0.485   0.508   0.532   0.552   0.571   0.587   0.602   0.618   0.633   0.649   0.661   0.673   0.688   0.7     0.716   0.735   0.754   0.764   0.772   0.778   0.783   0.787   0.791   0.794   0.797   0.8     0.803   0.806   0.809   0.811   0.813   0.815   0.817   0.819   0.821   0.823   0.825   0.827   0.829   0.831   0.833   0.835   0.838   0.841   0.844   0.847   0.85    0.853   0.856   0.859   0.862   0.865   0.868   0.872   0.876   0.88    0.884   0.888   0.892   0.897   0.902   0.907   0.912   0.917   0.922   0.923   0.938   0.944   0.95    0.956   0.962   0.969   0.975   0.981   0.987   0.993   1.    ]
20000000.0,148,[ 0.171879    0.1513474   0.1361167   0.1224608   0.1102622   0.09940969   0.08979826  0.08132902  0.07390875  0.06744975  0.06186951  0.05709057   0.05304023  0.04965037  0.04685724  0.0442095   0.04223991  0.04086072   0.03989092  0.03952408  0.03958235  0.040341    0.04149471  0.04346966   0.05002782  0.05226725  0.05403321  0.05502785  0.05537096  0.05505763   0.05381079  0.05136627  0.04345133  0.04144845  0.04016953  0.03935703   0.03908091  0.03935596  0.04025247  0.04167502  0.04381682  0.04640093   0.04974949  0.05367464  0.0593213   0.0614739   0.0719305   0.08351541   0.1143673   0.1282192   0.1377046   0.1456382   0.1512309   0.1545828   0.1556341   0.1544774   0.1512628   0.1449708   0.1294696   0.1247502   0.122706    0.1225729   0.1242626   0.1269562   0.1313807   0.1389802   0.147576    0.1576285   0.1706341   0.1861373   0.2042562   0.2236941   0.2470862   0.2784239   0.3154729   0.3542826   0.4077113   0.5019488   0.6150049   0.6689498   0.7150595   0.7434725   0.7632537   0.7703179   0.7680065   0.7569679   0.7344942   0.7100522   0.6789946   0.6309992   0.5856351   0.5346998   0.4646068   0.2895477   0.2426175   0.2166217   0.1928702   0.1752032   0.159854    0.1495065   0.1411089   0.1362279   0.1326746   0.1305558   0.129983    0.1310729   0.1339474   0.1387336   0.1455643   0.1545781   0.1659192   0.1797383   0.1961923   0.2154444   0.2376649   0.2630308   0.2917265   0.3239436   0.3598816   0.3997476   0.443757    0.4921338   0.5451104   0.6233196   0.7107345   0.8079832   0.9157256   1.034655    1.165497    1.346969    1.549822    1.775722   2.026435    2.303834    2.6099      2.94673     3.394665    3.807161   4.352965    4.958554    5.628834    6.369042    7.328463    8.239812   9.240042   10.33596    11.53481    13.07386   ][0.00000000e+00 9.69679394e-04 1.68833934e-03 2.33478347e-03  2.91659158e-03 3.44077169e-03 3.91379178e-03 4.34160987e-03  4.72970395e-03 5.08310002e-03 5.40639808e-03 5.70379814e-03  5.97912520e-03 6.23585225e-03 6.47712130e-03 6.75032135e-03  7.00966940e-03 7.25897145e-03 7.54160251e-03 7.77984756e-03  8.09627362e-03 8.49589070e-03 8.86415177e-03 9.37393787e-03  1.10568922e-02 1.18241024e-02 1.26745025e-02 1.34924627e-02  1.43756529e-02 1.52038630e-02 1.62925433e-02 1.75546635e-02  2.04940141e-02 2.13005643e-02 2.19535044e-02 2.25897145e-02  2.32172146e-02 2.38054948e-02 2.44423649e-02 2.50568250e-02  2.57407551e-02 2.64173853e-02 2.71865854e-02 2.80139756e-02  2.91439358e-02 2.95667159e-02 3.16344863e-02 3.40438968e-02  4.18602684e-02 4.65907093e-02 5.07125301e-02 5.52460111e-02  5.98474820e-02 6.45875929e-02 6.93959539e-02 7.41561648e-02  7.89409958e-02 8.47175569e-02 9.54481791e-02 9.93631599e-02  1.02332620e-01 1.04785421e-01 1.07253821e-01 1.09137922e-01  1.11204622e-01 1.13773023e-01 1.16065423e-01 1.18354424e-01  1.20980524e-01 1.23834725e-01 1.26957825e-01 1.30167426e-01  1.33933627e-01 1.38925928e-01 1.44864929e-01 1.51227630e-01  1.60371532e-01 1.78109936e-01 2.03799841e-01 2.19207344e-01  2.35815447e-01 2.49671550e-01 2.64738853e-01 2.79307756e-01  2.88537658e-01 2.99974960e-01 3.11906662e-01 3.20573964e-01  3.28908266e-01 3.38733268e-01 3.46033069e-01 3.52755071e-01  3.60249872e-01 3.73447575e-01 3.76108375e-01 3.77486076e-01  3.78714576e-01 3.79634776e-01 3.80472376e-01 3.81091076e-01  3.81672276e-01 3.82088276e-01 3.82491677e-01 3.82886477e-01  3.83277277e-01 3.83668877e-01 3.84066377e-01 3.84475377e-01  3.84901777e-01 3.85351977e-01 3.85832677e-01 3.86351177e-01  3.86915077e-01 3.87532578e-01 3.88212278e-01 3.88963278e-01  3.89795378e-01 3.90718878e-01 3.91744578e-01 3.92883979e-01  3.94149279e-01 3.95553079e-01 3.97108979e-01 3.99445880e-01  4.02113980e-01 4.05151381e-01 4.08598782e-01 4.12499583e-01  4.16899883e-01 4.23181085e-01 4.30423086e-01 4.38736988e-01  4.48242390e-01 4.59068092e-01 4.71352394e-01 4.85243997e-01  5.04268201e-01 5.22272804e-01 5.46753209e-01 5.74687815e-01  6.06450021e-01 6.42443628e-01 6.90384938e-01 7.37089747e-01  7.89529358e-01 8.48257370e-01 9.13869683e-01 1.00000000e+00],[-1.     -0.994  -0.989  -0.984  -0.979  -0.974  -0.969  -0.964  -0.959  -0.954  -0.949  -0.944  -0.939  -0.934  -0.929  -0.923  -0.917  -0.911  -0.904  -0.898  -0.89   -0.88   -0.871  -0.859  -0.823  -0.808  -0.792  -0.777  -0.761  -0.746  -0.726  -0.702  -0.64   -0.621  -0.605  -0.589  -0.573  -0.558  -0.542  -0.527  -0.511  -0.496  -0.48   -0.464  -0.444  -0.437  -0.406  -0.375  -0.296  -0.257  -0.226  -0.194  -0.163  -0.132  -0.101  -0.0703 -0.039   0.      0.0782  0.109   0.133   0.153   0.173   0.188   0.204   0.223   0.239   0.254   0.27    0.286   0.302   0.317   0.333   0.352   0.372   0.391   0.415   0.454   0.5     0.524   0.548   0.567   0.587   0.606   0.618   0.633   0.649   0.661   0.673   0.688   0.7     0.712   0.727   0.762   0.772   0.778   0.784   0.789   0.794   0.798   0.802   0.805   0.808   0.811   0.814   0.817   0.82    0.823   0.826   0.829   0.832   0.835   0.838   0.841   0.844   0.847   0.85   0.853   0.856   0.859   0.862   0.865   0.868   0.872   0.876   0.88   0.884   0.888   0.892   0.897   0.902   0.907   0.912   0.917   0.922   0.927   0.933   0.938   0.944   0.95    0.956   0.962   0.969   0.975   0.981   0.987   0.993   1.    ]
