energy (eV), scatter (barn), absorb (barn), total (barn)
9.999999999999999e-06,583.5835,2071273.0,2071856.58
1.0444160000000001e-05,571.0511,2026753.0,2027324.05
1.088832e-05,559.2938,1984985.0,1985544.29
1.133248e-05,548.2349,1945697.0,1946245.24
1.177664e-05,537.8079,1908654.0,1909191.81
1.22208e-05,527.9548,1873649.0,1874176.95
1.266496e-05,518.625,1840501.0,1841019.63
1.310912e-05,509.7737,1809054.0,1809563.77
1.355328e-05,501.3612,1779165.0,1779666.36
1.399744e-05,493.3525,1750710.0,1751203.35
1.44416e-05,485.7163,1723578.0,1724063.72
1.4885760000000001e-05,478.4247,1697669.0,1698147.42
1.532992e-05,471.4524,1672895.0,1673366.45
1.577408e-05,464.7769,1649175.0,1649639.78
1.621824e-05,458.3776,1626436.0,1626894.38
1.6662399999999998e-05,452.2361,1604613.0,1605065.24
1.710655e-05,446.3355,1583645.0,1584091.34
1.7767389999999998e-05,437.9695,1553916.0,1554353.97
1.842823e-05,430.0578,1525800.0,1526230.06
1.908907e-05,422.5608,1499157.0,1499579.56
1.97499e-05,415.4437,1473864.0,1474279.44
1.9774900000000003e-05,415.1814,1472932.0,1473347.18
1.983118e-05,414.5929,1470840.0,1471254.59
1.988745e-05,414.0071,1468758.0,1469172.01
1.9999999999999998e-05,412.8426,1464620.0,1465032.84
2.04353e-05,408.4299,1448937.0,1449345.43
2.08706e-05,404.1561,1433747.0,1434151.16
2.1741199999999998e-05,395.997,1404748.0,1405144.0
2.1795600000000002e-05,395.5035,1402994.0,1403389.5
2.193134e-05,394.2801,1398646.0,1399040.28
2.206708e-05,393.068,1394337.0,1394730.07
2.233855e-05,390.6771,1385839.0,1386229.68
2.28815e-05,386.0236,1369299.0,1369685.02
2.342445e-05,381.5329,1353337.0,1353718.53
2.39674e-05,377.1959,1337920.0,1338297.2
2.4027400000000003e-05,376.7257,1336249.0,1336625.73
2.417672e-05,375.563,1332116.0,1332491.56
2.432604e-05,374.4111,1328022.0,1328396.41
2.4624679999999997e-05,372.1389,1319944.0,1320316.14
2.522195e-05,367.7162,1304223.0,1304590.72
2.581923e-05,363.4479,1289049.0,1289412.45
2.64165e-05,359.3253,1274394.0,1274753.33
2.64826e-05,358.8777,1272803.0,1273161.88
2.664754e-05,357.768,1268857.0,1269214.77
2.681247e-05,356.6686,1264949.0,1265305.67
2.714233e-05,354.4999,1257239.0,1257593.5
2.7802050000000003e-05,350.2791,1242234.0,1242584.28
2.846178e-05,346.2062,1227753.0,1228099.21
2.91215e-05,342.2724,1213767.0,1214109.27
2.91943e-05,341.8466,1212252.0,1212593.85
2.9375740000000003e-05,340.792,1208503.0,1208843.79
2.955717e-05,339.7472,1204788.0,1205127.75
2.9920030000000004e-05,337.6863,1197461.0,1197798.69
3.064575e-05,333.6749,1183198.0,1183531.68
3.137148e-05,329.8037,1169432.0,1169761.8
3.2097199999999995e-05,326.0646,1156137.0,1156463.06
3.2177499999999995e-05,325.6587,1154693.0,1155018.66
3.23779e-05,324.6522,1151114.0,1151438.65
3.25783e-05,323.6551,1147569.0,1147892.66
3.2979100000000004e-05,321.6882,1140574.0,1140895.69
3.37807e-05,317.86,1126961.0,1127278.86
3.45823e-05,314.1659,1113824.0,1114138.17
3.53839e-05,310.5981,1101135.0,1101445.6
3.5472299999999996e-05,310.2121,1099762.0,1100072.21
3.5692759999999995e-05,309.2557,1096361.0,1096670.26
3.591322e-05,308.3081,1092991.0,1093299.31
3.635413e-05,306.4389,1086343.0,1086649.44
3.723595e-05,302.8007,1073403.0,1073705.8
3.8117779999999995e-05,299.2895,1060915.0,1061214.29
3.8999600000000005e-05,295.8984,1048852.0,1049147.9
3.9097e-05,295.5309,1047545.0,1047840.53
3.943772e-05,294.256,1043010.0,1043304.26
3.977844e-05,292.9976,1038534.0,1038827.0
4.0459879999999994e-05,290.5287,1029752.0,1030042.53
4.182275e-05,285.7734,1012835.0,1013120.77
4.318563e-05,281.2453,996726.1,997007.345
4.4548499999999995e-05,276.9268,981362.0,981638.927
4.591138e-05,272.8024,966687.1,966959.902
4.727425e-05,268.8578,952651.6,952920.458
4.863713e-05,265.0805,939210.2,939475.281
5e-05,261.4589,926322.2,926583.659
5.125829e-05,258.2445,914882.5,915140.745
5.251658e-05,255.1465,903856.5,904111.647
5.377487e-05,252.158,893219.7,893471.858
5.503315e-05,249.2728,882950.0,883199.273
5.754973e-05,243.7894,863430.2,863673.989
6.0066300000000005e-05,238.6548,845150.5,845389.155
6.258288e-05,233.8338,827984.7,828218.534
6.509945000000001e-05,229.2955,811824.2,812053.496
6.761603e-05,225.0136,796574.6,796799.614
7.01326e-05,220.9646,782153.3,782374.265
7.199932000000001e-05,218.0997,771948.1,772166.2
7.386602999999999e-05,215.3443,762132.3,762347.644
7.573274e-05,212.6917,752681.7,752894.392
7.759945e-05,210.1356,743574.2,743784.336
7.946617e-05,207.6702,734789.5,734997.17
8.133288e-05,205.2905,726309.1,726514.391
8.506630000000001e-05,200.7688,710193.4,710394.169
8.879973000000001e-05,196.536,695105.1,695301.636
9.253315e-05,192.5627,680939.5,681132.063
9.626658e-05,188.8235,667606.1,667794.924
0.0001,185.2963,655026.7,655211.996
0.0001032255,182.4048,644712.7,644895.105
0.000106451,179.6461,634871.2,635050.846
0.00010967649999999999,177.0104,625467.1,625644.11
0.000112902,174.4889,616469.0,616643.489
0.00011612749999999999,172.0735,607848.4,608020.474
0.00011935300000000001,169.757,599579.7,599749.457
0.00012257849999999999,167.5329,591639.6,591807.133
0.000125804,165.3953,584006.8,584172.195
0.000125961,165.2933,583642.8,583808.093
0.0001263573,165.0368,582727.0,582892.037
0.00012675350000000002,164.7816,581815.6,581980.382
0.000127546,164.2747,580005.5,580169.775
0.0001291309,163.2751,576435.7,576598.975
0.00013230069999999999,161.3303,569489.4,569650.73
0.0001354705,159.4543,562788.3,562947.754
0.00013864029999999998,157.6433,556318.5,556476.143
0.0001449799,154.202,544021.3,544175.502
0.0001513195,150.9802,532505.2,532656.18
0.0001576592,147.9555,521690.8,521838.756
0.0001639988,145.1088,511509.9,511655.009
0.00017033840000000002,142.4233,501902.8,502045.223
0.00017667800000000002,139.8844,492817.5,492957.384
0.0001824715,137.6815,484932.4,485070.082
0.000188265,135.5816,477414.2,477549.782
0.00019405850000000003,133.5769,470235.3,470368.877
0.000199852,131.6606,463370.8,463502.461
0.0002,131.6128,463199.4,463331.013
0.0002005744,131.4276,462535.8,462667.228
0.0002011487,131.2432,461875.2,462006.443
0.0002022974,130.8767,460562.3,460693.177
0.0002045947,130.1532,457969.8,458099.953
0.0002091893,128.7424,452913.7,453042.442
0.0002183785,126.0562,443284.4,443410.456
0.0002275678,123.5355,434244.3,434367.836
0.00023675699999999998,121.164,425736.0,425857.164
0.00024594630000000003,118.9275,417709.0,417827.928
0.00025513550000000004,116.814,410119.8,410236.614
0.00026432480000000003,114.8124,402929.8,403044.612
0.000273514,112.9133,396105.4,396218.313
0.000284367,110.791,388475.4,388586.191
0.00029522,108.7879,381270.2,381378.988
0.00030607299999999997,106.8931,374451.7,374558.593
0.000316926,105.0975,367986.6,368091.698
0.00031708800000000004,105.0714,367892.7,367997.771
0.0003175883,104.9909,367602.9,367707.891
0.0003180885,104.9106,367313.8,367418.711
0.0003190889,104.7507,366737.8,366842.551
0.0003210898,104.433,365593.7,365698.133
0.0003250916,103.8067,363337.4,363441.207
0.0003330952,102.5883,358947.3,359049.888
0.0003410988,101.4134,354712.7,354814.113
0.0003491023,100.2797,350624.6,350724.88
0.0003651094,98.12612,342855.4,342953.526
0.0003811165,96.11119,335581.1,335677.211
0.0003971237,94.22066,328751.2,328845.421
0.0004131308,92.44239,322322.3,322414.742
0.0004291379,90.76577,316256.5,316347.266
0.00044514500000000004,89.18155,310521.0,310610.182
0.0004588588,87.89161,305847.9,305935.792
0.00047257250000000005,86.65901,301379.8,301466.459
0.00048628630000000005,85.47963,297102.1,297187.58
0.0005,84.34981,293001.6,293085.95
0.000519853,82.79525,287355.5,287438.295
0.0005397059999999999,81.32857,282023.9,282105.229
0.000559559,79.94189,276978.7,277058.642
0.000579412,78.62825,272195.1,272273.728
0.000599265,77.38155,267651.3,267728.682
0.000619118,76.19635,263327.9,263404.096
0.000638971,75.06782,259207.7,259282.768
0.000658824,73.99163,255275.1,255349.092
0.000676249,73.08713,251967.2,252040.287
0.000693674,72.2176,248784.8,248857.018
0.0007110990000000001,71.38087,245720.1,245791.481
0.000728524,70.57496,242766.1,242836.675
0.000745949,69.79806,239916.2,239985.998
0.0007633739999999999,69.04849,237164.5,237233.549
0.000798224,67.62529,231934.0,232001.625
0.000798505,67.6142,231893.2,231960.814
0.000799503,67.57488,231748.5,231816.075
0.000800501,67.53563,231604.2,231671.736
0.0008029885,67.43812,231245.5,231312.938
0.0008054759,67.34108,230888.5,230955.841
0.0008104507999999999,67.14836,230179.4,230246.548
0.0008204005,66.76833,228780.6,228847.368
0.0008403,66.02911,226057.9,226123.929
0.0008601995,65.31631,223430.3,223495.616
0.000880099,64.62843,220892.4,220957.028
0.000882299,64.55385,220617.1,220681.654
0.000887794,64.36881,219933.9,219998.269
0.0008932889,64.18553,219257.1,219321.286
0.0009042788000000001,63.82411,217922.0,217985.824
0.0009262585,63.12119,215323.5,215386.621
0.0009482382999999999,62.44351,212815.9,212878.344
0.000970218,61.78961,210394.1,210455.89
0.000972643,61.71887,210131.9,210193.619
0.0009794823,61.52081,209397.8,209459.321
0.0009863215,61.32487,208671.4,208732.725
0.001,60.9392,207240.9,207301.839
0.00103468,59.9969,203742.1,203802.097
0.0010693599999999999,59.10217,200415.0,200474.102
0.00107203,59.03514,200165.5,200224.535
0.001078707,58.86866,199545.8,199604.669
0.001085384,58.70376,198931.8,198990.504
0.0010987380000000001,58.37862,197720.7,197779.079
0.0011254449999999999,57.74636,195363.5,195421.246
0.001152153,57.13691,193088.8,193145.937
0.00117886,56.54899,190891.9,190948.449
0.0011818,56.48553,190654.6,190711.086
0.001189145,56.32806,190065.6,190121.928
0.0011964900000000001,56.17208,189482.1,189538.272
0.0012111799999999999,55.86455,188331.1,188386.965
0.00124056,55.26653,186090.6,186145.867
0.00126994,54.69011,183928.4,183983.09
0.00129932,54.13407,181840.0,181894.134
0.0013025600000000001,54.07394,181614.1,181668.174
0.0013108969999999999,53.9203,181036.5,181090.42
0.001319233,53.76819,180464.4,180518.168
0.001335905,53.46842,179336.5,179389.968
0.00136925,52.88599,177142.6,177195.486
0.001402595,52.32525,175027.5,175079.825
0.00143594,51.78495,172986.5,173038.285
0.001435944,51.78489,172986.3,173038.085
0.001436314,51.779,172964.1,173015.879
0.0014366840000000001,51.77312,172941.8,172993.573
0.001437423,51.76138,172897.4,172949.161
0.001438901,51.73792,172808.7,172860.438
0.001441858,51.6911,172631.7,172683.391
0.001447771,51.59793,172279.4,172330.998
0.001459597,51.41336,171581.2,171632.613
0.00148325,51.05112,170209.9,170260.951
0.001530556,50.35306,167563.2,167613.553
0.001577862,49.68798,165036.5,165086.188
0.001625167,49.05346,162621.2,162670.253
0.001672473,48.44726,160309.0,160357.447
0.0017197789999999998,47.86742,158092.9,158140.767
0.001767085,47.31214,155966.5,156013.812
0.00181439,46.7798,153923.9,153970.68
0.001818923,46.72994,153732.4,153779.13
0.001830241,46.60629,153257.3,153303.906
0.001841558,46.48385,152786.6,152833.084
0.001864193,46.2425,151858.1,151904.343
0.001909462,45.77341,150051.0,150096.773
0.001954731,45.32158,148307.0,148352.322
0.002,44.886,146622.6,146667.486
0.002084138,44.11655,143639.2,143683.317
0.002168275,43.39489,140831.3,140874.695
0.002252413,42.71644,138182.3,138225.016
0.00233655,42.07723,135677.9,135719.977
0.002336552,42.07722,135677.8,135719.877
0.002336742,42.07581,135672.3,135714.376
0.002336932,42.07441,135666.8,135708.874
0.002337312,42.07161,135655.8,135697.872
0.002338072,42.06601,135633.8,135675.866
0.002339592,42.05481,135589.9,135631.955
0.002342631,42.03246,135502.1,135544.132
0.00234871,41.98788,135327.1,135369.088
0.002360868,41.89928,134979.1,135020.999
0.002385184,41.72425,134291.1,134332.824
0.002433816,41.3826,132946.2,132987.583
0.00253108,40.73106,130373.7,130414.431
0.0025336399999999998,40.71445,130308.0,130348.714
0.0025429619999999997,40.65421,130069.6,130110.254
0.0025522839999999997,40.59432,129832.5,129873.094
0.0025709269999999998,40.4756,129362.2,129402.676
0.0026082130000000003,40.24225,128436.9,128477.142
0.002682785,39.79127,126644.4,126684.191
0.0027573579999999997,39.36003,124925.2,124964.56
0.0028319300000000003,38.9472,123274.4,123313.347
0.0028390100000000003,38.90892,123121.1,123160.009
0.002859407,38.79949,122682.5,122721.3
0.0028798030000000002,38.69132,122248.6,122287.291
0.0029205950000000002,38.47864,121394.6,121433.079
0.00300218,38.06739,119739.1,119777.167
0.003083765,37.67388,118149.8,118187.474
0.00316535,37.29692,116622.3,116659.597
0.00318817,37.1943,116205.6,116242.794
0.003261422,36.87281,114897.8,114934.673
0.003334674,36.56289,113633.3,113669.863
0.003481178,35.97523,111225.2,111261.175
0.0036276819999999997,35.42674,108964.7,109000.127
0.0037741849999999998,34.9135,106837.2,106872.114
0.0038027499999999997,34.81724,106436.8,106471.617
0.00390655,34.47725,105019.0,105053.477
0.00401035,34.15187,103656.6,103690.752
0.0040203750000000005,34.12118,103527.8,103561.921
0.004057883,34.00748,103050.3,103084.307
0.004095391,33.89551,102579.3,102613.196
0.004170407,33.6766,101656.6,101690.277
0.004320438,33.25783,99883.71,99916.9678
0.004470469,32.86261,98200.97,98233.8326
0.0046205,32.48897,96600.95,96633.439
0.00477243,32.13076,95058.26,95090.3908
0.004886215,31.87479,93950.37,93982.2448
0.005,31.62868,92880.56,92912.1887
0.00515162,31.31505,91510.52,91541.8351
0.005323275,30.97832,90030.72,90061.6983
0.005494929999999999,30.65953,88620.88,88651.5395
0.005614117,30.44798,87680.27,87710.718
0.00561412,30.44797,87680.24,87710.688
0.00561519,30.44611,87671.93,87702.3761
0.00561626,30.44425,87663.63,87694.0743
0.0056184,30.44052,87647.02,87677.4605
0.00562268,30.43307,87613.84,87644.2731
0.0056312390000000006,30.41822,87547.6,87578.0182
0.005648358,30.38861,87415.56,87445.9486
0.005682596,30.32986,87153.28,87183.6099
0.005751072,30.21416,86635.77,86665.9842
0.005888023,29.98968,85627.99,85657.9797
0.006161925,29.56653,83714.25,83743.8165
0.006435828,29.17456,81924.07,81953.2446
0.0067097300000000006,28.81043,80244.73,80273.5404
0.006726499,28.78897,80145.26,80174.049
0.006767101,28.7374,79905.96,79934.6974
0.006807703,28.68637,79668.8,79697.4864
0.006888907,28.58587,79200.8,79229.3859
0.007051315,28.39095,78289.16,78317.551
0.00737613,28.02369,76557.08,76585.1037
0.007700945,27.68373,74935.78,74963.4637
0.00802576,27.36813,73413.91,73441.2781
0.00803033,27.36385,73393.15,73420.5139
0.008046454,27.34878,73320.08,73347.4288
0.008062577,27.33377,73247.23,73274.5638
0.008094823000000001,27.30391,73102.18,73129.4839
0.008159315,27.24482,72814.67,72841.9148
0.008288299,27.12908,72249.74,72276.8691
0.008288299999999998,27.12908,72249.74,72276.8691
0.008289972,27.1276,72242.5,72269.6276
0.008291643999999999,27.12612,72235.27,72262.3961
0.008294987,27.12317,72220.81,72247.9332
0.008301673,27.11727,72191.92,72219.0373
0.008315046,27.10548,72134.24,72161.3455
0.008341791000000001,27.08202,72019.31,72046.392
0.008395282,27.03549,71791.08,71818.1155
0.008502263,26.94399,71341.1,71368.044
0.008716225000000001,26.767,70466.11,70492.877
0.008930188,26.5976,69622.73,69649.3276
0.00914415,26.43532,68809.09,68835.5253
0.009572075000000001,26.13035,67264.31,67290.4404
0.01,25.84902,65819.63,65845.479
0.010070599999999999,25.80469,65590.15,65615.9547
0.0101093,25.78062,65465.38,65491.1606
0.01021485,25.71583,65128.69,65154.4058
0.010320389999999999,25.65225,64797.2,64822.8523
0.01053147,25.52857,64149.19,64174.7186
0.010953629999999999,25.29429,62909.66,62934.9543
0.01137579,25.07595,61739.58,61764.656
0.01179795,24.872,60632.64,60657.512
0.01222012,24.68107,59583.32,59608.0011
0.01264228,24.50198,58586.78,58611.282
0.01306444,24.33365,57638.7,57663.0337
0.0134866,24.17515,56735.24,56759.4152
0.01382258,24.05549,56045.8,56069.8555
0.01415855,23.94116,55380.91,55404.8512
0.01449453,23.8318,54739.08,54762.9118
0.0148305,23.72712,54119.04,54142.7671
0.0148676,23.71583,54051.86,54075.5758
0.014962549999999998,23.68719,53881.03,53904.7172
0.015057500000000001,23.65889,53711.82,53735.4789
0.0152474,23.60328,53378.09,53401.6933
0.0156272,23.49591,52728.84,52752.3359
0.016007,23.39337,52102.61,52126.0034
0.0163868,23.29535,51498.07,51521.3654
0.016425150000000003,23.28569,51438.19,51461.4757
0.01652482,23.26079,51283.51,51306.7708
0.016624490000000002,23.23618,51130.22,51153.4562
0.01682382,23.18778,50827.69,50850.8778
0.017222480000000002,23.0942,50238.3,50261.3942
0.018019800000000002,22.91894,49118.08,49140.9989
0.0180648,22.90949,49057.05,49079.9595
0.01818017,22.88547,48901.61,48924.4955
0.01829554,22.86174,48747.62,48770.4817
0.01852628,22.81513,48443.91,48466.7251
0.01898775,22.72519,47852.97,47875.6952
0.01944923,22.63936,47282.9,47305.5394
0.0199107,22.55737,46732.49,46755.0474
0.02,22.54193,46628.15,46650.6919
0.0202037,22.5072,46392.71,46415.2172
0.0208103,22.40767,45711.86,45734.2677
0.0214169,22.31362,45059.69,45082.0036
0.022023499999999998,22.2246,44434.22,44456.4446
0.0226301,22.14022,43833.64,43855.7802
0.0232367,22.06015,43256.33,43278.3902
0.0238433,21.98405,42700.8,42722.7841
0.0244499,21.91165,42165.7,42187.6117
0.0250565,21.84268,41649.78,41671.6227
0.02508752,21.83924,41623.89,41645.7292
0.02519376,21.82753,41535.58,41557.4075
0.025300000000000003,21.81591,41447.82,41469.6359
0.025448699999999998,21.7998,41325.89,41347.6898
0.02577691,21.76491,41060.44,41082.2049
0.02610511,21.73087,40799.91,40821.6409
0.026761510000000002,21.66526,40293.04,40314.7053
0.02741792,21.60274,39804.11,39825.7127
0.02807432,21.54309,39332.11,39353.6531
0.029387129999999997,21.43168,38435.04,38456.4717
0.03069993,21.32967,37595.03,37616.3597
0.030740600000000003,21.32664,37569.86,37591.1866
0.03090497,21.31451,37468.6,37489.9145
0.03106933,21.3025,37368.14,37389.4425
0.03139805,21.27885,37169.53,37190.8089
0.0320555,21.23299,36781.35,36802.583
0.0324999,21.20303,36525.54,36546.743
0.03380325,21.11966,35804.06,35825.1797
0.0351066,21.04242,35122.43,35143.4724
0.0362289,20.98031,34564.73,34585.7103
0.0373512,20.92191,34031.97,34052.8919
0.0377133,20.9038,33865.1,33886.0038
0.03901665,20.84137,33283.58,33304.4214
0.04032,20.78294,32730.15,32750.9329
0.0403774,20.78045,32706.38,32727.1605
0.040536739999999995,20.77358,32640.68,32661.4536
0.04069607,20.76677,32575.37,32596.1368
0.04101473,20.7533,32445.87,32466.6233
0.041652049999999996,20.72696,32191.32,32212.047
0.0429267,20.67663,31699.18,31719.8566
0.044695030000000004,20.61151,31051.43,31072.0415
0.04646335,20.55131,30440.9,30461.4513
0.04823168,20.49548,29864.27,29884.7655
0.049999999999999996,20.44356,29318.6,29339.0436
0.0500305,20.4427,29309.44,29329.8827
0.05013417,20.43977,29278.39,29298.8298
0.050237830000000004,20.43686,29247.43,29267.8669
0.05044515,20.43106,29185.8,29206.2311
0.050859800000000004,20.41961,29063.68,29084.0996
0.05188779,20.39201,28767.32,28787.712
0.052915779999999996,20.36547,28479.72,28500.0855
0.05497175,20.31534,27929.21,27949.5253
0.05514275,20.31134,27884.83,27905.1413
0.0551428,20.31134,27884.82,27905.1313
0.05514749,20.31123,27883.61,27903.9212
0.05515218,20.31112,27882.39,27902.7011
0.05516156,20.3109,27879.97,27900.2809
0.05518031,20.31046,27875.11,27895.4205
0.05521782,20.30959,27865.42,27885.7296
0.05529283,20.30785,27846.06,27866.3679
0.05544285,20.30438,27807.46,27827.7644
0.05574289,20.29749,27730.74,27751.0375
0.056342979999999994,20.28393,27579.16,27599.4439
0.05754315,20.25764,27283.27,27303.5276
0.0599435,20.20821,26718.91,26739.1182
0.0620035,20.16881,26261.51,26281.6788
0.0640635,20.13192,25826.91,25847.0419
0.0670009,20.08321,25243.2,25263.2832
0.06708175,20.08193,25227.7,25247.7819
0.06730483,20.07841,25185.06,25205.1384
0.0675279,20.07491,25142.65,25162.7249
0.06797404,20.06799,25058.47,25078.538
0.06886632,20.05441,24892.66,24912.7144
0.07065088,20.02827,24570.82,24590.8483
0.0738616,19.9844,24022.45,24042.4344
0.07422,19.97974,23963.53,23983.5098
0.07502939,19.96937,23832.1,23852.0694
0.07583878000000001,19.95922,23702.86,23722.8192
0.07745755,19.93955,23450.72,23470.6596
0.0806951,19.90256,22970.31,22990.2126
0.08135825,19.89534,22875.6,22895.4954
0.081409,19.89479,22868.4,22888.2948
0.08151894999999999,19.89361,22852.83,22872.7236
0.0816289,19.89243,22837.3,22857.1924
0.0818488,19.89008,22806.32,22826.2101
0.08228859999999999,19.88541,22744.76,22764.6454
0.08316818999999999,19.87622,22623.16,22643.0362
0.08492738000000001,19.85841,22385.9,22405.7584
0.0884965,19.82443,21927.41,21947.2344
0.09137237999999999,19.79896,21578.55,21598.349
0.09424825,19.77502,21246.53,21266.305
0.09712413,19.75248,20930.05,20949.8025
0.09999999999999999,19.73122,20627.99,20647.7212
0.1025234,19.71353,20374.02,20393.7335
0.10504669999999999,19.69668,20129.74,20149.4367
0.1075701,19.68061,19894.55,19914.2306
0.1100934,19.66527,19667.97,19687.6353
0.11514010000000001,19.6366,19238.66,19258.2966
0.12018670000000001,19.61033,18838.4,18858.0103
0.12018699999999999,19.61033,18838.38,18857.9903
0.1202225,19.61016,18835.66,18855.2702
0.12025799999999999,19.60998,18832.94,18852.55
0.12032899999999999,19.60963,18827.51,18847.1196
0.1204709,19.60892,18816.66,18836.2689
0.12075469999999999,19.60752,18795.04,18814.6475
0.1213224,19.60473,18752.03,18771.6347
0.12245780000000002,19.59923,18666.97,18686.5692
0.12472849999999999,19.58853,18500.62,18520.2085
0.12927,19.5683,18182.21,18201.7783
0.1338115,19.54948,17881.56,17901.1095
0.1383529,19.53194,17597.27,17616.802
0.1428944,19.51557,17328.1,17347.6156
0.1474359,19.50025,17072.92,17092.4203
0.1519774,19.48588,16830.76,16850.2459
0.15651879999999999,19.47237,16600.7,16620.1724
0.16098500000000002,19.45984,16385.46,16404.9199
0.161271,19.45906,16372.04,16391.4991
0.1618762,19.45742,16343.76,16363.2174
0.1624813,19.4558,16315.67,16335.1258
0.16369160000000002,19.45258,16260.03,16279.4826
0.16611220000000002,19.44628,16150.9,16170.3463
0.1709533,19.4342,15940.86,15960.2942
0.1757944,19.42274,15741.13,15760.5528
0.18063549999999998,19.41183,15550.98,15570.3918
0.18547670000000002,19.40142,15369.74,15389.1414
0.1903178,19.39146,15196.78,15216.1715
0.1951589,19.38191,15031.49,15050.8719
0.19999999999999998,19.37274,14873.29,14892.6628
0.2072949,19.35959,14647.15,14666.5096
0.2145898,19.34718,14434.21,14453.5572
0.2218847,19.33547,14232.88,14252.2155
0.2291795,19.32444,14041.75,14061.0745
0.2364744,19.31408,13859.49,13878.8041
0.24376930000000002,19.30436,13684.93,13704.2344
0.2510642,19.29529,13517.03,13536.3253
0.258359,19.28682,13354.87,13374.1568
0.26605059999999997,19.27852,13189.21,13208.4885
0.2737422,19.27084,13028.22,13047.4909
0.2814338,19.26372,12871.21,12890.4737
0.2891253,19.25712,12717.63,12736.8871
0.2968169,19.25098,12567.01,12586.261
0.30450839999999996,19.24524,12419.0,12438.2453
0.3122,19.23985,12273.31,12292.5499
0.3198915,19.23477,12129.74,12148.9748
0.3275831,19.22996,11988.15,12007.38
0.33527470000000004,19.22536,11848.47,11867.6954
0.3429663,19.22096,11710.64,11729.861
0.3506578,19.21672,11574.69,11593.9067
0.35834940000000004,19.21262,11440.63,11459.8426
0.3660409,19.20865,11308.56,11327.7687
0.381424,19.201,11050.73,11069.931
0.396246,19.19397,10811.03,10830.224
0.411068,19.18719,10580.85,10600.0372
0.42589,19.18065,10361.14,10380.3207
0.440712,19.17431,10152.72,10171.8943
0.455534,19.16815,9956.16002,9975.32817
0.470356,19.16216,9771.80202,9790.96418
0.5,19.15061,9439.48802,9458.63863
0.5037948,19.14917,9400.34102,9419.49019
0.503795,19.14917,9400.33902,9419.48819
0.5038606,19.14915,9399.66802,9418.81717
0.5039262,19.14912,9398.99802,9418.14714
0.5040572999999999,19.14907,9397.66002,9416.80909
0.5043196000000001,19.14897,9394.98502,9414.13399
0.5048442,19.14877,9389.64602,9408.79479
0.5058933999999999,19.14838,9379.00902,9398.1574
0.5079917,19.14759,9357.90402,9377.05161
0.5121884,19.14602,9316.35402,9335.50004
0.5205818,19.1429,9235.83602,9254.97892
0.5373685,19.1368,9084.54002,9103.67682
0.570942,19.12513,8815.64802,8834.77315
0.5709423,19.12513,8815.64502,8834.77015
0.5712072,19.12504,8813.67702,8832.80206
0.571472,19.12495,8811.71202,8830.83697
0.5720016,19.12478,8807.78702,8826.9118
0.5730607999999999,19.12442,8799.96302,8819.08744
0.5751792,19.12371,8784.41502,8803.53873
0.579416,19.12231,8753.70602,8772.82833
0.5878897000000001,19.11955,8693.75202,8712.87157
0.6048371,19.11423,8579.03502,8598.14925
0.6387319,19.1045,8365.63302,8384.73752
0.6726267,19.09621,8166.47703,8185.57324
0.7065214000000001,19.08944,7975.85203,7994.94147
0.7743110000000001,19.07954,7609.94903,7629.02857
0.8421004999999999,19.07227,7263.61703,7282.6893
0.8815754,19.06854,7075.51503,7094.58357
0.9210503,19.065,6901.39003,6920.45503
0.9605252000000001,19.06161,6743.61203,6762.67364
1.0,19.05835,6602.96303,6622.02138
1.0625,19.0534,6412.55903,6431.61243
1.125,19.04867,6252.77303,6271.8217
1.25,19.03976,5980.61703,5999.65679
1.375,19.03141,5730.34804,5749.37945
1.4375,19.0274,5608.71204,5627.73944
1.5,19.02348,5489.10104,5508.12452
1.625,19.01588,5254.57004,5273.58592
1.75,19.00853,5026.92704,5045.93557
1.873545,19.00146,4820.63004,4839.6315
1.935318,18.99799,4730.39304,4749.39103
1.99709,18.99456,4651.15604,4670.1506
2.0,18.9944,4647.70504,4666.69944
2.011769,18.99375,4634.00604,4652.99979
2.023537,18.9931,4620.71504,4639.70814
2.047073,18.99181,4595.33204,4614.32385
2.094146,18.98923,4549.06004,4568.04927
2.188291,18.98413,4471.25905,4490.24318
2.376582,18.9741,4347.01005,4365.98415
2.7531630000000002,18.95455,4120.91905,4139.8736
2.903795,18.94691,4032.65905,4051.60596
2.90664,18.94677,4031.01605,4049.96282
2.913941,18.94641,4026.80205,4045.74846
2.921242,18.94604,4022.59405,4041.54009
2.935844,18.94532,4014.19705,4033.14237
2.9650469999999998,18.94388,3997.47105,4016.41493
3.023453,18.94108,3964.26705,3983.20813
3.140265,18.93595,3898.55105,3917.487
3.3738889999999997,18.9284,3768.06906,3786.99746
3.841137,18.91783,3507.58906,3526.50689
4.0747610000000005,18.91278,3378.68106,3397.59384
4.308385,18.90778,3252.24306,3271.15084
4.542009,18.90284,3128.23606,3147.1389
4.775633,18.89793,3012.63407,3031.532
4.887817,18.89559,2963.99707,2982.89266
5.0,18.89325,2921.61107,2940.50432
5.07309,18.89173,2897.55707,2916.4488
5.073094,18.89173,2897.55607,2916.4478
5.074843,18.89169,2897.01407,2915.90576
5.076592,18.89166,2896.47407,2915.36573
5.080089,18.89159,2895.39807,2914.28966
5.087083,18.89144,2893.26407,2912.15551
5.101072,18.89115,2889.06807,2907.95922
5.129049,18.89057,2880.95607,2899.84664
5.185003999999999,18.88941,2865.78807,2884.67748
5.296914,18.8871,2839.02707,2857.91417
5.520733,18.88249,2794.43407,2813.31656
5.9683720000000005,18.87333,2714.64707,2733.5204
6.86365,18.8552,2556.61608,2575.47128
7.09035,18.85064,2516.80008,2535.65072
7.31705,18.84608,2477.59508,2496.44116
7.329562999999999,18.84583,2475.45708,2494.30291
7.371289,18.845,2468.34908,2487.19408
7.413015000000001,18.84416,2461.27108,2480.11524
7.496466,18.84249,2447.20008,2466.04257
7.663367999999999,18.83915,2419.30308,2438.14223
7.997173,18.83248,2363.88709,2382.71957
8.664781999999999,18.81975,2253.19809,2272.01784
9.332391,18.81056,2142.97209,2161.78265
9.666196,18.80646,2091.1041,2109.91056
10.0,18.80237,2047.6431,2066.44547
10.3125,18.79855,2017.1261,2035.92465
10.625,18.79473,1993.5171,2012.31183
11.25,18.78711,1952.9651,1971.75221
12.5,18.77193,1874.87411,1893.64604
15.0,18.74173,1718.83612,1737.57785
15.3125,18.73796,1699.61412,1718.35208
15.625,18.7342,1680.86912,1699.60332
16.25,18.72668,1644.49312,1663.2198
17.5,18.71165,1572.35013,1591.06178
18.73615,18.69681,1501.03513,1519.73194
19.35423,18.6894,1466.25013,1484.93953
19.972299999999997,18.68199,1437.12114,1455.80313
20.0,18.68166,1436.04914,1454.7308
20.08458,18.68064,1432.91214,1451.59278
20.16916,18.67963,1429.98014,1448.65977
20.33832,18.6776,1424.69814,1443.37574
20.67664,18.67355,1416.06214,1434.73569
21.35327,18.66545,1402.44114,1421.10659
22.706529999999997,18.64925,1376.77414,1395.42339
25.41305,18.62177,1325.47015,1344.09192
30.8261,18.58388,1223.09017,1241.67405
31.724879999999995,18.5776,1207.01617,1225.59377
32.62366,18.57132,1191.23817,1209.80949
34.42121,18.55877,1159.70518,1178.26395
38.01632,18.53367,1096.64018,1115.17385
39.81388,18.52113,1065.10919,1083.63032
41.61143,18.50859,1033.86019,1052.36878
45.206529999999994,18.48352,972.414904,990.898424
47.603269999999995,18.46681,931.46561,949.93242
48.80164,18.45846,911.230113,929.688573
50.0,18.45011,894.223316,912.673426
50.0286,18.44991,893.898916,912.348826
50.098020000000005,18.44942,893.128216,911.577636
50.167429999999996,18.44894,892.380917,910.829857
50.30625,18.44797,890.953917,909.401887
50.5839,18.44604,888.345617,906.791657
51.1392,18.44217,883.913318,902.355488
52.2498,18.43443,876.909121,895.343551
54.471000000000004,18.41896,864.456825,882.875785
58.913399999999996,18.38802,839.647133,858.035153
63.355799999999995,18.36394,814.838241,833.202181
65.577,18.35356,802.579345,820.932905
67.79819,18.34318,790.716849,809.060029
70.27525,18.33161,777.516853,795.848463
80.1835,18.28532,724.717671,743.002991
90.09175,18.23905,671.919388,690.158438
92.56882,18.22748,658.809693,677.037173
95.04588,18.21592,646.276097,664.492017
99.6143,18.19459,624.061505,642.256095
99.61431999999999,18.19459,624.061405,642.255995
99.6147,18.19459,624.059905,642.254495
99.61508,18.19459,624.058305,642.252895
99.61583,18.19458,624.055405,642.249985
99.61734,18.19458,624.049405,642.243985
99.62035,18.19456,624.037405,642.231965
99.62638,18.19453,624.013405,642.207935
99.63843,18.19448,623.965705,642.160185
99.66253,18.19437,623.870605,642.064975
99.71074,18.19414,623.682306,641.876446
99.80716,18.19369,623.313206,641.506896
100.0,18.19279,622.604906,640.797696
101.0,18.18812,619.537507,637.725627
104.0193,18.17403,613.196111,631.370141
116.077,18.11824,589.536426,607.654666
147.54819999999998,18.01329,527.784566,545.797856
155.476,17.98698,512.280376,530.267356
158.0385,17.97848,507.50918,525.48766
168.1132,17.94504,488.946793,506.891833
178.1878,17.91161,470.385205,488.296815
198.33700000000002,17.84474,433.490131,451.334871
199.7266,17.84013,431.434333,449.274463
200.0,17.83923,431.070733,448.909963
200.6293,17.83714,430.289933,448.127073
201.2585,17.83505,429.592734,447.427784
202.5169,17.83088,428.426835,446.257715
205.0338,17.82253,426.473637,444.296167
210.0675,17.80582,422.905742,440.711562
222.6494,17.76655,414.264353,432.030903
235.2312,17.73711,405.622965,423.360075
260.3948,17.67824,388.340587,406.018827
310.722,17.56051,353.796732,371.357242
311.6268,17.5584,353.194633,370.753033
314.3156,17.55211,351.432236,368.984346
317.0043,17.54582,349.678238,367.224058
322.3817,17.53324,346.170643,363.703883
333.1366,17.50809,339.155252,356.663342
354.64639999999997,17.45777,325.124672,342.582442
397.666,17.35715,297.19261,314.54976
403.1185,17.34439,294.628815,311.973205
403.23699999999997,17.34412,294.582115,311.926235
403.615,17.34323,294.436115,311.779345
403.993,17.34235,294.294715,311.637065
404.74899999999997,17.34058,294.024116,311.364696
406.2609,17.33704,293.515817,310.852857
409.28470000000004,17.32997,292.538119,309.868089
415.3324,17.31582,290.653823,307.969643
427.4278,17.28762,287.042231,304.329851
451.6185,17.24509,279.821348,297.066438
500.0,17.16251,265.379482,282.541992
518.9514,17.13016,259.726895,276.857055
519.779,17.12875,259.483395,276.612145
522.268,17.1245,258.758897,275.883397
524.7569,17.12025,258.040399,275.160649
529.7347000000001,17.11175,256.605102,273.716852
539.6903,17.09476,253.734709,270.829469
559.6015,17.06078,247.993923,265.054703
599.424,16.99281,236.62105,253.61386
599.4244,16.99289,236.62215,253.61504
599.4753999999999,16.99272,236.60965,253.60237
599.5264,16.99263,236.59835,253.59098
599.6283000000001,16.99246,236.57595,253.56841
599.8322,16.99211,236.53205,253.52416
600.2399,16.99141,236.44715,253.43856
601.0553,16.99002,236.288351,253.278371
602.6861,16.98724,236.003052,252.990292
605.9477999999999,16.98167,235.478954,252.460624
612.4711,16.97054,234.444357,251.414897
625.5177,16.94827,232.374964,249.323234
651.611,16.90404,228.237079,245.141119
654.719,16.89957,227.75208,244.65165
665.3422,16.88523,226.164986,243.050216
675.9653999999999,16.87091,224.586392,241.457302
697.2118,16.84228,221.429403,238.271683
739.7045,16.78502,215.115427,231.900447
824.6899999999999,16.67049,202.491373,219.161863
825.8055,16.66898,202.328374,218.997354
828.4666,16.6654,201.941975,218.607375
831.1277,16.66181,201.557176,218.218986
836.4499000000001,16.65464,200.788079,217.442719
847.0942,16.64029,199.249985,215.890275
868.3829,16.6116,196.173797,212.785397
910.9603000000001,16.55423,190.02152,206.57575
996.1150000000001,16.43947,177.777367,194.216837
1000.0,16.43423,177.379369,193.813599
1010.07,16.42066,176.509973,192.930633
1031.4,16.39236,175.079782,191.472142
1038.79,16.38492,174.596785,190.981705
1057.4779999999998,16.36721,173.432692,189.799902
1076.165,16.3495,172.2729,188.6224
1113.539,16.31409,169.953215,186.267305
1188.2869999999998,16.24327,165.314045,181.557315
1337.783,16.10163,156.035605,172.137235
1412.5310000000002,16.03082,151.396435,167.427255
1449.905,15.9954,149.07685,165.07225
1468.5919999999999,15.9777,147.917057,163.894757
1487.279,15.95999,146.794465,162.754455
1562.0269999999998,15.88917,142.465595,158.354765
1636.775,15.81836,138.136725,153.955085
1816.993,15.64761,127.699797,143.347407
1862.048,15.60493,125.092115,140.697045
1907.1019999999999,15.56224,122.530933,138.093173
1997.21,15.47687,117.456369,132.933239
2000.0,15.47422,117.34997,132.82419
2011.1999999999998,15.46361,117.025375,132.488985
2040.662,15.43635,116.211084,131.647434
2070.123,15.41622,115.396793,130.813013
2129.046,15.37645,113.849911,129.226361
2246.892,15.29692,110.774648,126.071568
2482.584,15.13785,104.624221,119.762071
2953.967,14.8197,92.3256666,107.145367
2954.44,14.81938,92.3136667,107.133047
3000.0,14.78863,91.2081507,105.996781
3148.657,14.69733,88.9346296,103.63196
3297.313,14.61798,86.6786184,101.296598
3594.625,14.45925,82.166616,96.625866
3891.938,14.30053,77.6545936,91.9551236
3966.2660000000005,14.26084,76.5265929,90.7874329
4040.5939999999996,14.22116,75.6165316,89.8376916
4114.922,14.18148,74.8113887,88.9928687
4152.086,14.16164,74.4111872,88.5728272
4189.25,14.142,74.0295557,88.1715557
4290.258,14.09683,72.9938689,87.0906989
4391.265,14.05186,71.9582021,86.0100621
4593.28,13.96192,69.8868584,83.8487784
4997.3099999999995,13.78203,65.750121,79.532151
5000.0,13.78083,65.7264616,79.5072916
5007.813,13.77735,65.6627434,79.4400934
5015.625,13.77388,65.6017552,79.3756352
5031.25,13.76692,65.4802388,79.2471588
5062.5,13.75301,65.237226,78.990236
5125.0,13.72518,64.751189,78.476369
5250.0,13.66953,63.7883948,77.4579248
5500.0,13.57168,61.9412365,75.5129165
6000.0,13.38013,58.2509798,71.6311098
6145.478,13.3244,57.3955698,70.7199698
6169.299,13.31527,57.2561747,70.5714447
6221.218,13.29538,56.9523346,70.2477146
6273.137,13.27549,56.6541945,69.9296845
6376.975,13.23571,56.0666242,69.3023342
6584.65,13.16373,54.8914738,68.0552038
7000.0,13.02534,52.5460228,65.5713628
8291.86,12.63953,47.424854,60.064384
8311.913,12.63375,47.3486674,59.9824174
8364.666,12.61855,47.1497763,59.7683263
8417.419,12.60334,46.9508853,59.5542253
8522.923999999999,12.57293,46.5531132,59.1260432
8733.935,12.51211,45.757559,58.269669
9155.956999999999,12.39046,44.1664506,56.5569106
9577.979000000001,12.26882,42.5753422,54.8441622
9788.99,12.208,41.779788,53.987788
9894.494999999999,12.17759,41.3820559,53.5596459
10000.0,12.14717,41.0019137,53.1490837
10312.5,12.06979,40.3450279,52.4148179
10625.0,12.00286,39.6934121,51.6962721
11250.0,11.869,38.3901904,50.2591904
12500.0,11.60127,35.7837369,47.3850069
13750.0,11.33355,33.1772935,44.5108435
14375.0,11.19968,31.8740617,43.0737417
14687.5,11.13275,31.2224559,42.3552059
14843.75,11.09928,30.8966579,41.9959379
15000.0,11.06582,30.5862299,41.6520499
15625.0,10.95386,29.8336948,40.7875548
16250.0,10.85313,29.0844596,39.9375896
17500.0,10.65164,27.5860092,38.2376492
18750.0,10.45017,26.0882188,36.5383888
20000.0,10.24869,24.6208884,34.8695784
20282.17,10.20336,24.3909321,34.5942921
20282.2,10.20336,24.3909121,34.5942721
20287.14,10.20265,24.3869126,34.5895626
20292.08,10.20197,24.3829232,34.5848932
20301.96,10.20066,24.3749242,34.5755842
20321.71,10.1981,24.3589563,34.5570563
20361.219999999998,10.19301,24.3270006,34.5200106
20440.23,10.18281,24.263109,34.445919
20598.26,10.16243,24.1353158,34.2977458
20914.309999999998,10.12166,23.8810695,34.0027295
21546.420000000002,10.04012,23.3906868,33.4308068
22810.64,9.877041,22.4099015,32.2869425
24074.86,9.713961,21.4291261,31.1430871
24706.97,9.632422,20.9387335,30.5711555
25023.030000000002,9.591651,20.7008971,30.2925481
25339.08,9.551002,20.5195807,30.0705827
25339.1,9.551,20.5195707,30.0705707
25343.66,9.550469,20.5169512,30.0674202
25348.21,9.549952,20.5143417,30.0642937
25357.31,9.548948,20.5091226,30.0580706
25375.52,9.546992,20.4986743,30.0456663
25411.93,9.543105,20.4777879,30.0208929
25484.76,9.53533,20.4360049,29.9713349
25630.41,9.519782,20.3524391,29.8722211
25921.719999999998,9.488683,20.1853174,29.6740004
26504.329999999998,9.426488,19.8510639,29.2775519
27669.55,9.302098,19.182577,28.484675
28834.780000000002,9.177707,18.5140802,27.6917872
29417.390000000003,9.115512,18.1798267,27.2953387
29708.7,9.084414,18.012915,27.097329
30000.0,9.053318,17.8547533,26.9080713
30423.2,9.008259,17.6932943,26.7015533
30423.25,9.008255,17.6932743,26.7015293
30432.61,9.007373,17.6897252,26.6970982
30441.96,9.00653,17.686176,26.692706
30460.66,9.004897,17.6790876,26.6839846
30498.07,9.001656,17.6649009,26.6665569
30572.89,8.995177,17.6365275,26.6317045
30722.530000000002,8.982219,17.5797806,26.5619996
31021.8,8.956303,17.4662869,26.4225899
31620.35,8.904471,17.2392994,26.1437704
32817.44,8.800809,16.7853245,25.5861335
35211.63,8.593482,15.8774047,24.4708867
37605.82,8.386156,14.9706948,23.3568508
40000.0,8.178962,14.079345,22.258307
41559.98,8.073979,13.6857132,21.7596922
43119.96,7.969129,13.3066765,21.2758055
46239.92,7.759427,12.5516731,20.3111001
49359.880000000005,7.549726,11.7966697,19.3463957
50139.87,7.499445,11.6188613,19.1183063
50919.86,7.457047,11.4812914,18.9383384
52479.83,7.372252,11.2061248,18.5783768
52546.1,7.36865,11.1944696,18.5631196
52779.04,7.355988,11.1544166,18.5104046
53011.97,7.343327,11.1144035,18.4577305
53477.84,7.318003,11.0343674,18.3523704
54409.58,7.267357,10.8742851,18.1416421
56273.049999999996,7.166065,10.5541505,17.7202155
58136.53,7.064772,10.234006,17.298778
59068.27,7.014125,10.0739337,17.0880587
60000.0,6.963561,9.91785944,16.8814204
62500.0,6.852032,9.60277541,16.4548074
65000.0,6.740583,9.2880175,16.0286005
70000.0,6.517687,8.65873769,15.1764247
70625.0,6.489824,8.59673121,15.0865552
71250.0,6.46376,8.53674474,15.0005047
72500.0,6.416602,8.41677279,14.8333748
75000.0,6.322285,8.17682027,14.4991053
80000.0,6.133652,7.69708651,13.8307385
85000.0,5.965422,7.30811176,13.2735338
87500.0,5.884281,7.11371043,12.9979914
88750.0,5.84371,7.01650919,12.8602192
90000.0,5.80314,6.92223295,12.7253729
95000.0,5.654819,6.61087898,12.265698
97500.0,5.583034,6.45527049,12.0383045
98750.0,5.547142,6.37746524,11.9246072
99375.0,5.529196,6.33856312,11.8677591
100000.0,5.511303,6.301,11.812303
102500.0,5.451814,6.18722252,11.6390365
105000.0,5.392378,6.07359199,11.46597
110000.0,5.273505,5.846319,11.119824
115000.0,5.154633,5.619047,10.77368
120000.0,5.035819,5.391921,10.42774
125000.0,4.942008,5.22691701,10.168925
130000.0,4.848255,5.06205109,9.91030609
135000.0,4.754503,4.89718146,9.65168446
140000.0,4.660798,4.73241783,9.39321583
150000.0,4.511245,4.48759857,8.99884357
160000.0,4.361782,4.25529844,8.61708044
170000.0,4.24319,4.084638,8.327828
180000.0,4.124679,3.91413255,8.03881155
182500.0,4.10174,3.88368195,7.98542195
185000.0,4.07884,3.85576134,7.93460134
190000.0,4.03304,3.80069311,7.83373311
200000.0,3.941479,3.69062067,7.63209967
210000.0,3.875345,3.62271485,7.49805985
220000.0,3.809303,3.55493528,7.36423828
225000.0,3.792805,3.5406955,7.3335005
235000.0,3.759915,3.52263593,7.28255093
240000.0,3.74347,3.51367815,7.25714815
250000.0,3.710656,3.53402158,7.24467758
255000.0,3.71633,3.54442079,7.26075079
260000.0,3.72208,3.55592101,7.27800101
265000.0,3.72783,3.58539323,7.31322323
280000.0,3.745157,3.67404888,7.41920588
295000.0,3.8267,3.8057082,7.6324082
310000.0,3.90834,3.93742452,7.84576452
320000.0,3.973047,4.02567374,7.99872074
325000.0,4.00541,4.05242574,8.05783574
340000.0,4.102397,4.13222238,8.23461938
355000.0,4.122025,4.10824103,8.23026603
359875.80000000005,4.128372,4.10039887,8.22877087
360000.0,4.128533,4.10004827,8.22858127
370000.0,4.1414,4.00916155,8.15056155
380000.0,4.082173,3.90920683,7.99137983
385000.0,4.052485,3.83500397,7.88748897
400000.0,3.963345,3.61205638,7.57540138
410000.0,3.869367,3.44933521,7.31870221
415000.0,3.822341,3.36797064,7.19031164
417500.0,3.798828,3.32728836,7.12611636
420000.0,3.775314,3.28525608,7.06057008
430000.0,3.681261,3.12479293,6.80605393
440000.0,3.587209,2.9643938,6.5516028
459709.0,3.401872,2.685587,6.087459
460000.0,3.39951,2.68151903,6.08102903
480000.0,3.239397,2.43959018,5.67898718
490000.0,3.159375,2.33679026,5.49616526
495000.0,3.126688,2.2854113,5.4120993
496250.0,3.118526,2.27257032,5.39109632
497500.0,3.110363,2.26044832,5.37081132
500000.0,3.094037,2.23631468,5.33035168
520000.0,2.96346,2.07351581,5.03697581
530000.0,2.910219,2.00448904,4.91470804
540000.0,2.857008,1.93608728,4.79309528
550000.0,2.804024,1.87739252,4.68141652
560000.0,2.760189,1.81874174,4.57893074
580000.0,2.672539,1.71689621,4.38943521
600000.0,2.59938,1.62739868,4.22677868
605000.0,2.581095,1.6125523,4.1936473
610000.0,2.562825,1.59816791,4.16099291
625000.0,2.51626,1.55536977,4.07162977
640000.0,2.469722,1.51690662,3.98662862
650000.0,2.44311,1.49129369,3.93440369
670000.0,2.389925,1.44067784,3.83060284
705000.0,2.315565,1.35209958,3.66766458
739452.0,2.242384,1.26491315,3.50729715
740000.0,2.241238,1.26357232,3.50481032
741562.5,2.238871,1.25976159,3.49863259
743125.0,2.236523,1.25595085,3.49247385
746250.0,2.231826,1.24832938,3.48015538
749375.0,2.227129,1.24070892,3.46783792
752500.0,2.222431,1.23671745,3.45914845
765000.0,2.203643,1.22186556,3.42550856
790000.0,2.166065,1.1921618,3.3582268
800000.0,2.151034,1.18028058,3.33131458
840000.0,2.090925,1.13443676,3.22536176
865000.0,2.065285,1.10578481,3.17106981
890000.0,2.03966,1.07760884,3.11726884
900000.0,2.02941,1.06640146,3.09581146
940000.0,1.988421,1.04504982,3.03347082
970000.0,1.9678,1.029051,2.996851
990000.0,1.95406,1.01882088,2.97288088
1000000.0,1.94719,1.01370739,2.96089739
1040000.0,1.91971,0.994713,2.914423
1050000.0,1.915441,0.9899647,2.9054057
1085000.0,1.900497,0.9864702,2.8869672
1115000.0,1.887689,0.9831226,2.8708116
1130000.0,1.881285,0.9813632,2.8626482
1156080.0,1.87015,0.9778704,2.8480204
1160000.0,1.86886,0.9773453,2.8462053
1190000.0,1.85899,0.9726475,2.8316375
1200000.0,1.855701,0.9708015,2.8265025
1220000.0,1.849121,0.9700043,2.8191253
1250000.0,1.839251,0.9678186,2.8070696
1280000.0,1.829381,0.9645329,2.7939139
1310000.0,1.819511,0.9600973,2.7796083
1340000.0,1.809641,0.9545118,2.7641528
1350000.0,1.806351,0.95229,2.758641
1358910.0,1.80342,0.9497816,2.7532016
1370000.0,1.798575,0.9466595,2.7452345
1400000.0,1.785468,0.9372537,2.7227217
1430000.0,1.77236,0.9270481,2.6994081
1460000.0,1.759253,0.9162224,2.6754754
1480630.0,1.75024,0.9084479,2.6586879
1500000.0,1.741174,0.9011482,2.6423222
1590000.0,1.699052,0.86845624,2.56750824
1608220.0,1.690524,0.86231715,2.55284115
1650000.0,1.67097,0.84850551,2.51947551
1663140.0,1.66482,0.84535896,2.51017896
1750000.0,1.629554,0.82455852,2.45411252
1900000.0,1.568653,0.79630266,2.36495566
1967370.0,1.5413,0.78625917,2.32755917
2000000.0,1.52926,0.78139478,2.31065478
2040000.0,1.5145,0.77599153,2.29049153
2049999.9999999998,1.511571,0.77464079,2.28621179
2100000.0,1.496926,0.76919352,2.26611952
2140000.0,1.48521,0.76930834,2.25451834
2200000.0,1.47435,0.76948057,2.24383057
2240000.0,1.46711,0.7702765,2.2373865
2250000.0,1.46678,0.77047548,2.23725548
2340000.0,1.46381,0.78805653,2.25186653
2350000.0,1.46537,0.79001001,2.25538001
2400000.0,1.47317,0.8003556,2.2735256
2440000.0,1.47941,0.81558493,2.29499493
2500000.0,1.503176,0.83842887,2.34160487
2540000.0,1.51902,0.85400159,2.37302159
2550000.0,1.52587,0.85789482,2.38376482
2640000.0,1.58752,0.89690128,2.48442128
2650000.0,1.597088,0.90123531,2.49832331
2700000.0,1.644928,0.92327502,2.56820302
2740000.0,1.6832,0.93274143,2.61594143
2800000.0,1.745528,0.94694105,2.69246905
2840000.0,1.78708,0.95672296,2.74380296
2850000.0,1.794629,0.95916844,2.75379744
2940000.0,1.86257,0.95582715,2.81839715
2950000.0,1.865161,0.95545593,2.82061693
3000000.0,1.878116,0.95413503,2.83225103
3040000.0,1.88848,0.94630948,2.83478948
3100000.0,1.881766,0.93457124,2.81633724
3140000.0,1.87729,0.9274352,2.8047252
3150000.0,1.874806,0.92565121,2.80045721
3250000.0,1.849966,0.89251766,2.74248366
3300000.0,1.837546,0.87737152,2.71491752
3340000.0,1.82761,0.86107735,2.68868735
3400000.0,1.81855,0.83663614,2.65518614
3440000.0,1.81251,0.82175067,2.63426067
3550000.0,1.806394,0.78081567,2.58720967
3600000.0,1.803614,0.76249415,2.56610815
3640000.0,1.80139,0.75297297,2.55436297
3690000.0,1.79089,0.74107165,2.53196165
3720000.0,1.78459,0.73318294,2.51777294
3740000.0,1.78039,0.72763393,2.50802393
3750000.0,1.776523,0.72485947,2.50138247
3780000.0,1.764923,0.72327226,2.48819526
3800000.0,1.75719,0.7219027,2.4790927
3810000.0,1.752451,0.72121802,2.47366902
3840000.0,1.738235,0.71872592,2.45696092
3870000.0,1.724019,0.71584276,2.43986176
3871000.0,1.723545,0.71595173,2.43949673
3871001.0,1.723545,0.71595182,2.43949682
3872000.0,1.723072,0.7160606,2.4391326
3873000.0,1.722598,0.71616968,2.43876768
3874000.0,1.722124,0.71627865,2.43840265
3875000.0,1.72165,0.71638752,2.43803752
3878000.0,1.720228,0.71671443,2.43694243
3883000.0,1.717859,0.71725939,2.43511839
3888000.0,1.71549,0.71780425,2.43329425
3893000.0,1.71312,0.71834901,2.43146901
3898000.0,1.710751,0.718893972,2.42964497
3900000.0,1.709803,0.719111919,2.42891492
3908000.0,1.706012,0.720980688,2.42699269
3918000.0,1.701274,0.723317088,2.42459109
3928000.0,1.696535,0.725654194,2.42218919
3930000.0,1.695587,0.726121998,2.421709
3938000.0,1.691796,0.729296038,2.42109204
3948000.0,1.687058,0.733267261,2.42032526
3950000.0,1.68611,0.734062704,2.4201727
3958000.0,1.683708,0.737244394,2.42095239
3960000.0,1.683108,0.738041399,2.4211494
3968000.0,1.680706,0.742944088,2.42365009
3975000.0,1.678604,0.747246012,2.42585001
3988000.0,1.674702,0.75518781,2.42988981
3990000.0,1.674101,0.756415568,2.43051657
3995000.0,1.6726,0.760660033,2.43326003
4008000.0,1.671192,0.77169565,2.44288765
4019999.9999999995,1.669892,0.781925272,2.45181727
4027999.9999999995,1.669025,0.79024981,2.45927481
4048000.0,1.666858,0.81113704,2.47799504
4050000.0,1.666642,0.813233071,2.47987507
4054999.9999999995,1.6661,0.818446134,2.48454613
4067999.9999999995,1.66517,0.83200009,2.49717009
4080000.0,1.664311,0.844579422,2.50889042
4099999.9999999995,1.66288,0.857269672,2.52014967
4110000.0000000005,1.65918,0.863614742,2.52279474
4118000.0000000005,1.65622,0.86264156,2.51886156
4130000.0,1.65178,0.861255204,2.5130352
4139999.9999999995,1.644747,0.860099844,2.50484684
4160000.0,1.63068,0.843070614,2.47375061
4168000.0,1.623315,0.83625884,2.45957384
4170000.0,1.621473,0.834564012,2.45603701
4200000.0,1.593853,0.796731642,2.39058464
4218000.0,1.577281,0.7741219,2.3514029
4230000.0,1.566233,0.759080254,2.32531325
4250000.0,1.54782,0.736185184,2.28400518
4260000.0,1.541253,0.724737644,2.26599064
4268000.0,1.536,0.71700201,2.25300201
4290000.0,1.521553,0.69576638,2.21731938
4318000.0,1.503167,0.67333022,2.17649722
4320000.0,1.501853,0.671730132,2.17358313
4340000.0,1.48872,0.65839383,2.14711383
4350000.0,1.484879,0.65172578,2.13660478
4440000.0,1.45031,0.61257994,2.06288994
4450000.0,1.44817,0.60823037,2.05640037
4500000.0,1.43747,0.58644442,2.02391442
4530000.0,1.43105,0.57819664,2.00924664
4540000.0,1.42891,0.57542473,2.00433473
4610000.0,1.421655,0.5560215,1.9776765
4650000.0,1.41751,0.54479943,1.96230943
4690000.0,1.416536,0.53588946,1.95242546
4770000.0,1.414589,0.51773541,1.93232441
4800000.0,1.413859,0.51079191,1.92465091
4850000.0,1.412641,0.50094409,1.91358509
4867720.0,1.41221,0.49737334,1.90958334
4930000.0,1.411671,0.48482359,1.89649459
4950000.0,1.411498,0.48070846,1.89220646
5010000.0,1.410979,0.47014068,1.88111968
5100000.0,1.4102,0.4539315,1.8641315
5220000.0,1.404395,0.43511881,1.83951381
5250000.0,1.402943,0.43031641,1.83325941
5324070.0,1.39936,0.42023854,1.81959854
5340000.0,1.398046,0.418071,1.816117
5400000.0,1.393097,0.4097769,1.8028739
5460000.0,1.388149,0.40268039,1.79082939
5550000.0,1.380725,0.39192162,1.77264662
5552370.0,1.38053,0.3916764,1.7722064
5580000.0,1.377828,0.38881856,1.76664656
5700000.0,1.366094,0.37633634,1.74243034
5780420.0,1.35823,0.36898094,1.72721094
5820000.0,1.353816,0.36536082,1.71917682
5850000.0,1.35047,0.36262696,1.71309696
5940000.0,1.340432,0.3553206,1.6957526
6000000.0,1.33374,0.35049069,1.68423069
6060000.0,1.327048,0.34620449,1.67325249
6150000.0,1.31701,0.33986578,1.65687578
6180000.0,1.313664,0.33800738,1.65167138
6300000.0,1.30028,0.33073048,1.63101048
6375000.0,1.291915,0.32636811,1.61828311
6420000.0,1.286896,0.32406078,1.61095678
6450000.0,1.28355,0.32257553,1.60612553
6540000.0,1.273512,0.31820679,1.59171879
6600000.0,1.26682,0.3154012,1.5822212
6660000.0,1.260128,0.3130904,1.5732184
6750000.0,1.25009,0.30976656,1.55985656
6780000.0,1.246744,0.308869991,1.55561399
6900000.0,1.23336,0.305424416,1.53878442
7050000.0,1.21663,0.302168803,1.5187988
7140000.0,1.206592,0.300931647,1.50752365
7200000.0,1.1999,0.300019776,1.49991978
7260000.0,1.19416,0.299157423,1.49331742
7275000.0,1.192725,0.29891451,1.49163951
7350000.0,1.18555,0.298135643,1.48368564
7380000.0,1.18268,0.297839626,1.48051963
7500000.0,1.1712,0.296406857,1.46760686
7557390.0,1.166977,0.295602917,1.46257992
7620000.0,1.162371,0.294916187,1.45728719
7740000.0,1.153541,0.293375818,1.44691682
7755811.880000001,1.152378,0.293148193,1.44552619
7860000.0,1.144712,0.291633201,1.4363452
7910040.0,1.14103,0.290843432,1.43187343
7950000.0,1.138501,0.290212727,1.42871373
7980000.0,1.136603,0.289730534,1.42633353
8100000.0,1.12901,0.287689662,1.41669966
8199999.999999999,1.11182,0.28201262,1.39383262
8400000.0,1.11102,0.2736786,1.3846986
8600000.0,1.11071,0.26699808,1.37770808
8800000.0,1.11048,0.26090865,1.37138865
9000000.0,1.11026,0.2551813,1.3654413
9200000.0,1.10973,0.24955285,1.35928285
9400000.0,1.10862,0.24389459,1.35251459
9600000.0,1.10684,0.23759101,1.34443101
9800000.0,1.10474,0.23079121,1.33553121
10000000.0,1.10269,0.2241824,1.3268724
10200000.0,1.10083,0.2180784,1.3189084
10400000.0,1.09909,0.21257854,1.31166854
10600000.0,1.09733,0.20782027,1.30515027
10800000.0,1.06876,0.20839744,1.27715744
11000000.0,1.0679,0.20412804,1.27202804
11200000.0,1.06701,0.20019865,1.26720865
11400000.0,1.06586,0.19553839,1.26139839
11600000.0,1.06461,0.1905538,1.2551638
11800000.0,1.06324,0.18539428,1.24863428
12000000.0,1.06177,0.18003356,1.24180356
12200000.0,1.0602,0.17454081,1.23474081
12400000.0,1.05853,0.16898029,1.22751029
12600000.0,1.0568,0.16340218,1.22020218
12800000.0,1.0549,0.15747035,1.21237035
13000000.0,1.05304,0.15201958,1.20505958
13200000.0,1.05114,0.14673554,1.19787554
13400000.0,1.04919,0.14161686,1.19080686
13600000.0,1.04723,0.1366743,1.1839043
13800000.0,1.04522,0.13191785,1.17713785
14000000.0,1.04316,0.12711388,1.17027388
14200000.0,1.04106,0.12241208,1.16347208
14400000.0,1.03894,0.11789882,1.15683882
14600000.0,1.0368,0.1135794,1.1503794
14800000.0,1.03465,0.10945116,1.14410116
15000000.0,1.03248,0.10550896,1.13798896
15200000.0,1.0303,0.10174055,1.13204055
15400000.0,1.02809,0.09813665,1.12622665
15600000.0,1.02587,0.0946952,1.1205652
15800000.0,1.02361,0.09141319,1.11502319
16000000.0,1.02134,0.08828801,1.10962801
16200000.0,1.01904,0.08531112,1.10435112
16399999.999999998,1.01673,0.08247784,1.09920784
16600000.000000002,1.0144,0.0797808,1.0941808
16800000.0,1.01204,0.07721156,1.08925156
17000000.0,1.00967,0.07476377,1.08443377
17200000.0,1.00727,0.07243071,1.07970071
17400000.0,1.00486,0.0702051,1.0750651
17600000.0,1.00243,0.06808163,1.07051163
17800000.0,0.99998,0.06605423,1.06603423
18000000.0,0.997521,0.06411778,1.06163878
18200000.0,0.995032,0.06226727,1.05729927
18400000.0,0.992528,0.06049858,1.05302658
18600000.0,0.99001,0.05880702,1.04881702
18800000.0,0.987462,0.05718862,1.04465062
19000000.0,0.984915,0.05563991,1.04055491
19200000.0,0.982338,0.05415752,1.03649552
19400000.0,0.979746,0.05273799,1.03248399
19600000.0,0.97714,0.05137986,1.02851986
19800000.0,0.97452,0.0501135,1.0246335
20000000.0,0.971884,0.04890749,1.02079149
