"X","Y","Z","FX","FY","FZ","Force"
"-0.3","-0.3","0.0","-7.916342019229746E-5","-2.8857205123329636E-5","3.1029166600378394E-5","8.97908378621461E-5",,,,,,,
"-0.27","-0.3","0.0","-9.15732903648664E-5","-5.127955938463245E-5","3.4786613717038705E-5","1.1056839156299889E-4",,,,,,,
"-0.24000000000000002","-0.3","0.0","-1.0057075900900775E-4","-7.957835443925818E-5","3.8471392415524816E-5","1.3389264392526355E-4",,,,,,,
"-0.21000000000000002","-0.3","0.0","-1.0356196232566483E-4","-1.1244760794547273E-4","4.1410816478085735E-5","1.5838055529257013E-4",,,,,,,
"-0.18000000000000002","-0.3","0.0","-9.799749912492222E-5","-1.469232237112628E-4","4.2496526493416655E-5","1.8164773123949157E-4",,,,,,,
"-0.15000000000000002","-0.3","0.0","-8.23352933481379E-5","-1.780489159076267E-4","4.01471008414082E-5","2.0023063375161965E-4",,,,,,,
"-0.12000000000000002","-0.3","0.0","-5.788338317343783E-5","-1.9941614293569177E-4","3.2713538864772983E-5","2.1020813432407482E-4",,,,,,,
"-0.09000000000000002","-0.3","0.0","-3.061635726694726E-5","-2.0616849946685905E-4","1.9925478670458152E-5","2.0937964610955024E-4",,,,,,,
"-0.060000000000000026","-0.3","0.0","-9.248522992679583E-6","-1.998474286129471E-4","4.84043524638754E-6","2.0011986336725192E-4",,,,,,,
"-0.030000000000000027","-0.3","0.0","1.35125035770095E-6","-1.8875240008367201E-4","-6.634882654368968E-6","1.8887380994386972E-4",,,,,,,
"-2.7755575615628914E-17","-0.3","0.0","3.801184658860098E-6","-1.8125676513700128E-4","-9.585176750890985E-6","1.815498265658401E-4",,,,,,,
"0.02999999999999997","-0.3","0.0","4.43973847863037E-6","-1.7992737912031674E-4","-3.1694131420891503E-6","1.8001005031533676E-4",,,,,,,
"0.05999999999999997","-0.3","0.0","8.277925279408435E-6","-1.8282583124261916E-4","9.64398847184704E-6","1.83267059588272E-4",,,,,,,
"0.08999999999999997","-0.3","0.0","1.86114816184193E-5","-1.8554993134596158E-4","2.4144969334741697E-5","1.880376127659023E-4",,,,,,,
"0.11999999999999997","-0.3","0.0","3.4438088640379634E-5","-1.816694661658624E-4","3.5962016452191394E-5","1.88369433596589E-4",,,,,,,
"0.14999999999999997","-0.3","0.0","5.009189242337017E-5","-1.6833165162777856E-4","4.3071451000424684E-5","1.808311160104153E-4",,,,,,,
"0.17999999999999997","-0.3","0.0","6.08536381851376E-5","-1.481481388978421E-4","4.5868065625279484E-5","1.6659806656581255E-4",,,,,,,
"0.20999999999999996","-0.3","0.0","6.556979770604514E-5","-1.254726658004498E-4","4.5681438881553263E-5","1.487601495447357E-4",,,,,,,
"0.23999999999999996","-0.3","0.0","6.534673074106426E-5","-1.035884112059694E-4","4.3733664433862086E-5","1.300514804203928E-4",,,,,,,
"0.26999999999999996","-0.3","0.0","6.189297104077169E-5","-8.420146363242583E-5","4.087081819732245E-5","1.1220984859723818E-4",,,,,,,
"-0.3","-0.27","0.0","-1.01039820771429E-4","-2.491729552787365E-5","3.232463681111461E-5","1.0897155198911481E-4",,,,,,,
"-0.27","-0.27","0.0","-1.212970373655453E-4","-5.429243149199846E-5","3.703601217210575E-5","1.3795762243741446E-4",,,,,,,
"-0.24000000000000002","-0.27","0.0","-1.377132520853139E-4","-9.363095821728241E-5","4.187665270072428E-5","1.7171298779654606E-4",,,,,,,
"-0.21000000000000002","-0.27","0.0","-1.4593155395775068E-4","-1.4182411297242357E-4","4.574400858115081E-5","2.0857279732029068E-4",,,,,,,
"-0.18000000000000002","-0.27","0.0","-1.4088504966412838E-4","-1.9516522616842347E-4","4.645790039932903E-5","2.4514566941667514E-4",,,,,,,
"-0.15000000000000002","-0.27","0.0","-1.1774936899337362E-4","-2.4597746743060587E-4","4.001373566071751E-5","2.75628241338652E-4",,,,,,,
"-0.12000000000000002","-0.27","0.0","-7.562261007186813E-5","-2.8127313689195856E-4","2.0263752633637724E-5","2.919657109352424E-4",,,,,,,
"-0.09000000000000002","-0.27","0.0","-2.5731091918554272E-5","-2.872916452176345E-4","-1.736326778694488E-5","2.8896377207431625E-4",,,,,,,
"-0.060000000000000026","-0.27","0.0","8.960013524039258E-6","-2.6617203549587145E-4","-6.549482855856237E-5","2.742579203783947E-4",,,,,,,
"-0.030000000000000027","-0.27","0.0","1.661366922465166E-5","-2.4009403246516507E-4","-1.0280068432568946E-4","2.617042971147397E-4",,,,,,,
"-2.7755575615628914E-17","-0.27","0.0","8.020959660984772E-6","-2.2852342976390332E-4","-1.1176061572733143E-4","2.545146930389148E-4",,,,,,,
"0.02999999999999997","-0.27","0.0","1.3742423691681519E-6","-2.299527654146413E-4","-9.11857622911703E-5","2.473762440262849E-4",,,,,,,
"0.05999999999999997","-0.27","0.0","3.9774362344071656E-7","-2.3777329043969268E-4","-5.254491823695635E-5","2.435102960431794E-4",,,,,,,
"0.08999999999999997","-0.27","0.0","1.441312766356787E-5","-2.504637019764846E-4","-9.525285003225792E-6","2.5105882838730105E-4",,,,,,,
"0.11999999999999997","-0.27","0.0","4.442729469784127E-5","-2.496709534073602E-4","2.3625981314383375E-5","2.5469110012439904E-4",,,,,,,
"0.14999999999999997","-0.27","0.0","7.287292514355347E-5","-2.2792637929992208E-4","4.207133850046201E-5","2.429627443106666E-4",,,,,,,
"0.17999999999999997","-0.27","0.0","8.919979907805054E-5","-1.9425986515799682E-4","4.9568686718701994E-5","2.1943234508564255E-4",,,,,,,
"0.20999999999999996","-0.27","0.0","9.370845271477378E-5","-1.5861008900386363E-4","5.0853867192405026E-5","1.9111397189225415E-4",,,,,,,
"0.23999999999999996","-0.27","0.0","9.03359440511192E-5","-1.2638574028866367E-4","4.9003212298421916E-5","1.6289644855393468E-4",,,,,,,
"0.26999999999999996","-0.27","0.0","8.277639770895332E-5","-9.947267200878187E-5","4.5702319521956417E-5","1.3724229123679226E-4",,,,,,,
"-0.3","-0.24000000000000002","0.0","-1.2824137837107757E-4","-1.3656028182119779E-5","3.2075901639859454E-5","1.3289545401643605E-4",,,,,,,
"-0.27","-0.24000000000000002","0.0","-1.611159812491218E-4","-5.125039465530143E-5","3.8120530142843234E-5","1.7331513835947205E-4",,,,,,,
"-0.24000000000000002","-0.24000000000000002","0.0","-1.9056138217001895E-4","-1.0533376710476204E-4","4.497994927630636E-5","2.2233317049852764E-4",,,,,,,
"-0.21000000000000002","-0.24000000000000002","0.0","-2.0981194415301072E-4","-1.7574228359216497E-4","5.1099902921486195E-5","2.78419830885015E-4",,,,,,,
"-0.18000000000000002","-0.24000000000000002","0.0","-2.101402148948918E-4","-2.590407074277272E-4","5.278756472205142E-5","3.3770923145512834E-4",,,,,,,
"-0.15000000000000002","-0.24000000000000002","0.0","-1.8032738420429897E-4","-3.465794408192778E-4","4.1170830522732666E-5","3.928489678979693E-4",,,,,,,
"-0.12000000000000002","-0.24000000000000002","0.0","-1.0888975700516006E-4","-4.177590662873127E-4","-4.59952688404713E-6","4.31741557292609E-4",,,,,,,
"-0.09000000000000002","-0.24000000000000002","0.0","-1.0809415289771722E-5","-4.359812617974372E-4","-1.1580363437917621E-4","4.5122830788063166E-4",,,,,,,
"-0.060000000000000026","-0.24000000000000002","0.0","4.5916016673855126E-5","-4.0313402608205365E-4","-2.8065241493921016E-4","4.933468370057016E-4",,,,,,,
"-0.030000000000000027","-0.24000000000000002","0.0","3.864799464448586E-5","-3.7549900241812294E-4","-4.0446756014471576E-4","5.532514577626208E-4",,,,,,,
"-2.7755575615628914E-17","-0.24000000000000002","0.0","2.309216135470797E-6","-3.818710184285181E-4","-4.2365818147116225E-4","5.703657264617555E-4",,,,,,,
"0.02999999999999997","-0.24000000000000002","0.0","8.216833608254874E-6","-3.8091206398509523E-4","-3.446325545140944E-4","5.137442111351147E-4",,,,,,,
"0.05999999999999997","-0.24000000000000002","0.0","-1.0209100699308575E-5","-3.4858887024515875E-4","-2.3394475512608211E-4","4.199387748790141E-4",,,,,,,
"0.08999999999999997","-0.24000000000000002","0.0","-1.1711623189047307E-6","-3.674023261824761E-4","-9.991902317065795E-5","3.807488044588588E-4",,,,,,,
"0.11999999999999997","-0.24000000000000002","0.0","6.247450181255588E-5","-3.6390103076456497E-4","-5.7172516040321894E-6","3.6926915730147803E-4",,,,,,,
"0.14999999999999997","-0.24000000000000002","0.0","1.1465450275694173E-4","-3.177486341237298E-4","3.77049061268756E-5","3.398992636590641E-4",,,,,,,
"0.17999999999999997","-0.24000000000000002","0.0","1.3642839629315873E-4","-2.568882743944465E-4","5.332689330267355E-5","2.957161652426095E-4",,,,,,,
"0.20999999999999996","-0.24000000000000002","0.0","1.3665960710017666E-4","-1.9966047494925792E-4","5.675244443165134E-5","2.48517591769085E-4",,,,,,,
"0.23999999999999996","-0.24000000000000002","0.0","1.2581458852584804E-4","-1.5240878043014212E-4","5.499992237338431E-5","2.0514077727065876E-4",,,,,,,
"0.26999999999999996","-0.24000000000000002","0.0","1.1071665243974425E-4","-1.1564722353054444E-4","5.1111743307753665E-5","1.6806209489871456E-4",,,,,,,
"-0.3","-0.21000000000000002","0.0","-1.605384456053669E-4","1.0562316762262147E-5","2.845582266761108E-5","1.6338264564042364E-4",,,,,,,
"-0.27","-0.21000000000000002","0.0","-2.13292168000947E-4","-3.574687887666085E-5","3.6287434577236576E-5","2.192901415662913E-4",,,,,,,
"-0.24000000000000002","-0.21000000000000002","0.0","-2.647097890834016E-4","-1.0849681792015081E-4","4.675901673436222E-5","2.898779701552736E-4",,,,,,,
"-0.21000000000000002","-0.21000000000000002","0.0","-3.049961705167773E-4","-2.0931679404600402E-4","5.827879736068122E-5","3.74476437872136E-4",,,,,,,
"-0.18000000000000002","-0.21000000000000002","0.0","-3.2164739083562845E-4","-3.359254391910313E-4","6.63973251948171E-5","4.697994779904306E-4",,,,,,,
"-0.15000000000000002","-0.21000000000000002","0.0","-2.99348353254261E-4","-4.851275601408712E-4","5.7985497701702294E-5","5.729925864686092E-4",,,,,,,
"-0.12000000000000002","-0.21000000000000002","0.0","-2.067334449876847E-4","-6.534483766308905E-4","-1.9449605604970766E-5","6.856469830431773E-4",,,,,,,
"-0.09000000000000002","-0.21000000000000002","0.0","-3.7801520523168865E-5","-8.040877677878846E-4","-3.138261511306708E-4","8.639866586895062E-4",,,,,,,
"-0.060000000000000026","-0.21000000000000002","0.0","-1.2217580396050866E-5","-9.990749078982843E-4","-8.405811049854145E-4","0.0013057092076420383",,,,,,,
"-0.030000000000000027","-0.21000000000000002","0.0","-6.357552188685987E-6","-0.0012593050554646434","-0.0010584061659083101","0.0016450268244686374",,,,,,,
"-2.7755575615628914E-17","-0.21000000000000002","0.0","-1.0581353276006244E-4","-0.0014554229707701913","-0.0010022071339855672","0.0017702744609162328",,,,,,,
"0.02999999999999997","-0.21000000000000002","0.0","2.4294691902566618E-4","-0.0012219324718264993","-6.79028491688663E-4","0.0014188804966215663",,,,,,,
"0.05999999999999997","-0.21000000000000002","0.0","7.631096446416285E-5","-8.412138796284413E-4","-6.608407568716057E-4","0.0010724619622716795",,,,,,,
"0.08999999999999997","-0.21000000000000002","0.0","7.573028815754496E-6","-6.650537165750235E-4","-2.9915319046860137E-4","7.292780183601033E-4",,,,,,,
"0.11999999999999997","-0.21000000000000002","0.0","1.238819633264395E-4","-5.680209821984037E-4","-5.5172316055098854E-5","5.839850695986467E-4",,,,,,,
"0.14999999999999997","-0.21000000000000002","0.0","1.998112261210734E-4","-4.499132732467774E-4","3.199965068663732E-5","4.933259137443552E-4",,,,,,,
"0.17999999999999997","-0.21000000000000002","0.0","2.1664741880763732E-4","-3.3740024174431127E-4","5.811169407256665E-5","4.051567550876019E-4",,,,,,,
"0.20999999999999996","-0.21000000000000002","0.0","2.0156687388097762E-4","-2.46759956860764E-4","6.377127620843696E-5","3.249406970899903E-4",,,,,,,
"0.23999999999999996","-0.21000000000000002","0.0","1.7505012822033585E-4","-1.7942904754453742E-4","6.189869298084531E-5","2.582029796215234E-4",,,,,,,
"0.26999999999999996","-0.21000000000000002","0.0","1.4704901231374966E-4","-1.3094098884780788E-4","5.7165415428792E-5","2.0502887431783217E-4",,,,,,,
"-0.3","-0.18000000000000002","0.0","-1.959539770972301E-4","5.6971676747821885E-5","1.7458931129323684E-5","2.0481344528096431E-4",,,,,,,
"-0.27","-0.18000000000000002","0.0","-2.794916314823463E-4","3.0127945315524615E-6","2.7303462043191318E-5","2.8083825957140706E-4",,,,,,,
"-0.24000000000000002","-0.18000000000000002","0.0","-3.6618930089766757E-4","-9.192555435987656E-5","4.407642989848118E-5","3.80115302650247E-4",,,,,,,
"-0.21000000000000002","-0.18000000000000002","0.0","-4.423554776735326E-4","-2.3188501680436775E-4","6.743312500548043E-5","5.039804123119726E-4",,,,,,,
"-0.18000000000000002","-0.18000000000000002","0.0","-4.883762608371722E-4","-4.118887497700745E-4","9.57468769600043E-5","6.460117481780396E-4",,,,,,,
"-0.15000000000000002","-0.18000000000000002","0.0","-5.099251045640879E-4","-6.265466552358331E-4","1.3229796418164525E-4","8.185884648457452E-4",,,,,,,
"-0.12000000000000002","-0.18000000000000002","0.0","-4.966688302596753E-4","-9.79816617269552E-4","1.5914772483264345E-4","0.0011099768145094151",,,,,,,
"-0.09000000000000002","-0.18000000000000002","0.0","-5.710961282265877E-4","-0.0015341844599349478","-1.4019808710364026E-4","0.0016430241168068126",,,,,,,
"-0.060000000000000026","-0.18000000000000002","0.0","-9.441949046877191E-4","-0.005442283201348209","5.47338948792137E-4","0.005550633332024378",,,,,,,
"-0.030000000000000027","-0.18000000000000002","0.0","0.008346643240049897","0.16895738569092797","0.0021288806054665125","0.16917682100548523",,,,,,,
"-2.7755575615628914E-17","-0.18000000000000002","0.0","-2.7530234643396723E-4","0.16083218979777084","-0.0023318010821759038","0.16084932813914696",,,,,,,
"0.02999999999999997","-0.18000000000000002","0.0","-0.033409140227727105","0.1520858492203615","-0.0024571588134060353","0.15573154405344078",,,,,,,
"0.05999999999999997","-0.18000000000000002","0.0","0.003125368638811503","-0.0031757835946235567","-0.001157718428678735","0.004603677066047199",,,,,,,
"0.08999999999999997","-0.18000000000000002","0.0","2.5110699007380556E-4","-0.001223001453726752","-6.722852541752638E-4","0.0014180108389089182",,,,,,,
"0.11999999999999997","-0.18000000000000002","0.0","3.1552970771317923E-4","-8.687560284183173E-4","-1.147329225442776E-4","9.313751536723984E-4",,,,,,,
"0.14999999999999997","-0.18000000000000002","0.0","3.701944196831379E-4","-6.292654298864417E-4","2.84920274662868E-5","7.306371775675278E-4",,,,,,,
"0.17999999999999997","-0.18000000000000002","0.0","3.489324724867428E-4","-4.289192289942609E-4","6.516636388188774E-5","5.567514978321382E-4",,,,,,,
"0.20999999999999996","-0.18000000000000002","0.0","2.9555705355683296E-4","-2.930688969066443E-4","7.234317419201346E-5","4.224652472020035E-4",,,,,,,
"0.23999999999999996","-0.18000000000000002","0.0","2.402389271765574E-4","-2.027831062284907E-4","6.988603954351006E-5","3.2205556791599745E-4",,,,,,,
"0.26999999999999996","-0.18000000000000002","0.0","1.9213500446048742E-4","-1.4247970567261213E-4","6.391746510954249E-5","2.4759194012248314E-4",,,,,,,
"-0.3","-0.15000000000000002","0.0","-2.292501480381474E-4","1.4136891234656164E-4","-1.041972434287819E-5","2.6953547152266233E-4",,,,,,,
"-0.27","-0.15000000000000002","0.0","-3.6089104006487905E-4","8.201861084896708E-5","3.020399896220185E-7","3.700938888347925E-4",,,,,,,
"-0.24000000000000002","-0.15000000000000002","0.0","-4.999957637445427E-4","-3.773484575938268E-5","2.7830638272029162E-5","5.021894331560566E-4",,,,,,,
"-0.21000000000000002","-0.15000000000000002","0.0","-6.344977451350727E-4","-2.2450512885657301E-4","7.504599485799629E-5","6.77216245233843E-4",,,,,,,
"-0.18000000000000002","-0.15000000000000002","0.0","-7.047215692456257E-4","-4.699017935317131E-4","1.527576511417164E-4","8.606829182147582E-4",,,,,,,
"-0.15000000000000002","-0.15000000000000002","0.0","-6.734988422472114E-4","-5.438415509412718E-4","3.131788881034413E-4","9.20567943713146E-4",,,,,,,
"-0.12000000000000002","-0.15000000000000002","0.0","4.157488952059522E-4","-0.0023771519921120233","7.624993664009669E-4","0.002530830697859698",,,,,,,
"-0.09000000000000002","-0.15000000000000002","0.0","0.08355410269381482","0.14574365309958817","-9.069532828439186E-4","0.16799798528565427",,,,,,,
"-0.060000000000000026","-0.15000000000000002","0.0","0.06784973517540152","0.17386372617303364","-0.0028759901629026178","0.18665597542420348",,,,,,,
"-0.030000000000000027","-0.15000000000000002","0.0","0.03867546430044941","0.19915836102371753","-0.003738041759419681","0.20291332450261593",,,,,,,
"-2.7755575615628914E-17","-0.15000000000000002","0.0","-9.392538272270115E-4","0.20954027146042223","-0.0036849644992597128","0.20957477549748252",,,,,,,
"0.02999999999999997","-0.15000000000000002","0.0","-0.0404871152860728","0.19918559869046895","-0.0034465719439127265","0.20328794378426102",,,,,,,
"0.05999999999999997","-0.15000000000000002","0.0","-0.06971501893749274","0.17381495066998454","-0.0026842289308317245","0.18729395619404604",,,,,,,
"0.08999999999999997","-0.15000000000000002","0.0","-0.08532111592645558","0.14694869151909307","-0.0016170417108589818","0.16993006086623963",,,,,,,
"0.11999999999999997","-0.15000000000000002","0.0","0.0010817871893697146","-0.0029666302564593256","-5.53935632391087E-4","0.003205932514332899",,,,,,,
"0.14999999999999997","-0.15000000000000002","0.0","7.254669716587095E-4","-8.293787830590205E-4","3.871620564036246E-5","0.0011025744588622156",,,,,,,
"0.17999999999999997","-0.15000000000000002","0.0","5.503596541889579E-4","-5.03268886572807E-4","8.026014598186769E-5","7.500780040664124E-4",,,,,,,
"0.20999999999999996","-0.15000000000000002","0.0","4.2001333009332887E-4","-3.236928594252925E-4","8.336064669527402E-5","5.36784185792078E-4",,,,,,,
"0.23999999999999996","-0.15000000000000002","0.0","3.200389618350595E-4","-2.1533073323124676E-4","7.929682810245179E-5","3.938022964807072E-4",,,,,,,
"0.26999999999999996","-0.15000000000000002","0.0","2.4438975389168944E-4","-1.4665066937685745E-4","7.141955161013202E-5","2.9382566768087706E-4",,,,,,,
"-0.3","-0.12000000000000002","0.0","-2.483649823641012E-4","2.9560103108386204E-4","-8.169647844344564E-5","3.946383770398199E-4",,,,,,,
"-0.27","-0.12000000000000002","0.0","-4.6794374280919264E-4","2.2205340663673912E-4","-7.929081378262552E-5","5.239905485632044E-4",,,,,,,
"-0.24000000000000002","-0.12000000000000002","0.0","-6.581777837368672E-4","7.034245553869937E-5","-2.6340902724898012E-5","6.62449922041169E-4",,,,,,,
"-0.21000000000000002","-0.12000000000000002","0.0","-9.018621762566185E-4","-1.370266027136974E-4","6.061031605869331E-5","9.142238704093851E-4",,,,,,,
"-0.18000000000000002","-0.12000000000000002","0.0","-9.772961161867227E-4","-5.59634902130888E-4","2.4041370582072148E-4","0.001151563143011773",,,,,,,
"-0.15000000000000002","-0.12000000000000002","0.0","0.0013996412055951178","7.406911206374931E-4","-0.002229978151843443","0.0027350359043877425",,,,,,,
"-0.12000000000000002","-0.12000000000000002","0.0","0.11923326463315967","0.12469636279275835","-0.001215013498492446","0.172531824735687",,,,,,,
"-0.09000000000000002","-0.12000000000000002","0.0","0.12307338147075378","0.16888042240531498","-0.002541027829383384","0.20898351877809168",,,,,,,
"-0.060000000000000026","-0.12000000000000002","0.0","0.11141290390827141","0.22734030420248336","-0.002128836939876391","0.25318171541181245",,,,,,,
"-0.030000000000000027","-0.12000000000000002","0.0","0.06978904665063297","0.284943290279697","-5.032865424899756E-4","0.29336571545626755",,,,,,,
"-2.7755575615628914E-17","-0.12000000000000002","0.0","-9.142454611133123E-4","0.31038294554813456","5.11433533876288E-4","0.3103847133738371",,,,,,,
"0.02999999999999997","-0.12000000000000002","0.0","-0.07172518828856239","0.28487107651341875","-2.6403133484298534E-4","0.29376198287302185",,,,,,,
"0.05999999999999997","-0.12000000000000002","0.0","-0.11358245552542008","0.2269966337642871","-0.0017524547638992575","0.2538336404836865",,,,,,,
"0.08999999999999997","-0.12000000000000002","0.0","-0.12542885389053568","0.16809506072606845","-0.0022383677412852587","0.2097459346898986",,,,,,,
"0.11999999999999997","-0.12000000000000002","0.0","-0.12174641944168227","0.12426487926116474","-0.001265629032789293","0.17396997637957684",,,,,,,
"0.14999999999999997","-0.12000000000000002","0.0","0.0017976211457755905","-0.001640433405942886","0.0018742066835507425","0.0030716631058335803",,,,,,,
"0.17999999999999997","-0.12000000000000002","0.0","7.686678771016657E-4","-4.5962516189315537E-4","1.0895466743900721E-4","9.022065807175402E-4",,,,,,,
"0.20999999999999996","-0.12000000000000002","0.0","5.577246555471998E-4","-3.2082064145309364E-4","9.916771779116827E-5","6.510122208065881E-4",,,,,,,
"0.23999999999999996","-0.12000000000000002","0.0","4.0729006297196145E-4","-2.1019863317641032E-4","9.111394187645226E-5","4.6730119964451293E-4",,,,,,,
"0.26999999999999996","-0.12000000000000002","0.0","2.9972042532685355E-4","-1.4030335713363794E-4","7.968985068003522E-5","3.403936510607762E-4",,,,,,,
"-0.3","-0.09000000000000002","0.0","-2.026087039589884E-4","6.034721259729413E-4","-2.7807717803841935E-4","6.946623717260446E-4",,,,,,,
"-0.27","-0.09000000000000002","0.0","-7.487843109891805E-4","3.6175742063077553E-4","-4.665488467506437E-4","9.535272424893424E-4",,,,,,,
"-0.24000000000000002","-0.09000000000000002","0.0","-7.187935841183382E-4","1.6704332360571278E-4","-1.1014722335509851E-4","7.461233807781173E-4",,,,,,,
"-0.21000000000000002","-0.09000000000000002","0.0","-0.001185308113111363","3.5772837693892845E-4","-1.7504982745324656E-4","0.0012504268698194194",,,,,,,
"-0.18000000000000002","-0.09000000000000002","0.0","-0.002508944651366024","-8.705766168673578E-4","2.5266978718100513E-4","0.002667686063015753",,,,,,,
"-0.15000000000000002","-0.09000000000000002","0.0","0.14294760541925292","0.09072333010705458","-0.0022142342458280726","0.16932112494933235",,,,,,,
"-0.12000000000000002","-0.09000000000000002","0.0","0.16351668341669298","0.1298159255023676","-0.003406342148926301","0.20880968233409772",,,,,,,
"-0.09000000000000002","-0.09000000000000002","0.0","0.1934316768049342","0.19942852668746763","-0.0014764351283395958","0.27783039918085045",,,,,,,
"-0.060000000000000026","-0.09000000000000002","0.0","0.20630842799076723","0.3147965598011232","0.004783701997356444","0.376407924102885",,,,,,,
"-0.030000000000000027","-0.09000000000000002","0.0","0.15049539413180058","0.45789884086174093","0.01360711255350614","0.48218810191610467",,,,,,,
"-2.7755575615628914E-17","-0.09000000000000002","0.0","-8.808762322777817E-4","0.5322317367565061","0.01830043488092328","0.5325469964900885",,,,,,,
"0.02999999999999997","-0.09000000000000002","0.0","-0.15261643215890447","0.4579892899152853","0.014058719476942613","0.4829530128649703",,,,,,,
"0.05999999999999997","-0.09000000000000002","0.0","-0.20906166345064148","0.3143632660236305","0.005530312340643037","0.377573339239383",,,,,,,
"0.08999999999999997","-0.09000000000000002","0.0","-0.19661971547172521","0.1979150461144634","-4.6795678436399514E-4","0.2789801013947489",,,,,,,
"0.11999999999999997","-0.09000000000000002","0.0","-0.1663860846921942","0.1266997292305943","-0.002055902009531677","0.20914439342085345",,,,,,,
"0.14999999999999997","-0.09000000000000002","0.0","-0.14127496109304005","0.08550202020273816","-0.0010651118990113537","0.16513735057202183",,,,,,,
"0.17999999999999997","-0.09000000000000002","0.0","6.978767691690512E-4","-3.062845804096687E-4","-8.971411302258335E-5","7.67392240785629E-4",,,,,,,
"0.20999999999999996","-0.09000000000000002","0.0","6.956380717796278E-4","-2.9114315121501024E-4","1.4119551771855872E-4","7.672110763228701E-4",,,,,,,
"0.23999999999999996","-0.09000000000000002","0.0","4.913530581433933E-4","-1.845478633695441E-4","1.0675951971729807E-4","5.35614914534124E-4",,,,,,,
"0.26999999999999996","-0.09000000000000002","0.0","3.5226380294448885E-4","-1.222460925260003E-4","8.830315403610464E-5","3.831857787229494E-4",,,,,,,
"-0.3","-0.060000000000000026","0.0","2.9259378887086984E-4","0.0011179805083865592","-6.915394918202341E-4","0.0013467436323090852",,,,,,,
"-0.27","-0.060000000000000026","0.0","-7.154087371399621E-4","0.0034845901594233735","-0.0024555115077309936","0.004322466310444275",,,,,,,
"-0.24000000000000002","-0.060000000000000026","0.0","-0.0032981298975532907","0.0066200234784159215","-0.004311377822310478","0.008560978355458186",,,,,,,
"-0.21000000000000002","-0.060000000000000026","0.0","-0.021843476780739942","0.05554767501266067","0.0032354479063289674","0.05977582956628423",,,,,,,
"-0.18000000000000002","-0.060000000000000026","0.0","0.011868022350692503","0.17890842291175","-0.10183130530009865","0.2062006025267822",,,,,,,
"-0.15000000000000002","-0.060000000000000026","0.0","0.16395533235301882","0.08490741588354861","-0.009328405569175377","0.1848719541452239",,,,,,,
"-0.12000000000000002","-0.060000000000000026","0.0","0.21898909663173818","0.1197376426081718","-0.004652852522758884","0.2496296787995081",,,,,,,
"-0.09000000000000002","-0.060000000000000026","0.0","0.3081071209415518","0.21210442797745252","0.0037543767292919947","0.3740753689928807",,,,,,,
"-0.060000000000000026","-0.060000000000000026","0.0","0.41709454212185654","0.4224227696903489","0.02297210665458901","0.5940846497805313",,,,,,,
"-0.030000000000000027","-0.060000000000000026","0.0","0.4081527619167762","0.8262387041349218","0.052013567571664664","0.9230192221629946",,,,,,,
"-2.7755575615628914E-17","-0.060000000000000026","0.0","-4.3510977362599365E-4","1.127025874728386","0.06907691671588403","1.1291408822865159",,,,,,,
"0.02999999999999997","-0.060000000000000026","0.0","-0.4105010147496737","0.8272387011387656","0.0531792351651748","0.9250205310289155",,,,,,,
"0.05999999999999997","-0.060000000000000026","0.0","-0.4209808633545171","0.42233683598194294","0.024391070600900757","0.596815059011593",,,,,,,
"0.08999999999999997","-0.060000000000000026","0.0","-0.3131365912424317","0.21023459771393072","0.005603289789234343","0.3772061872601379",,,,,,,
"0.11999999999999997","-0.060000000000000026","0.0","-0.22537968469333347","0.11461585219384159","-0.0014235482741805734","0.25285336133078373",,,,,,,
"0.14999999999999997","-0.060000000000000026","0.0","-0.17096188982769955","0.07076967483969487","-0.0016374946651962856","0.18503782326636134",,,,,,,
"0.17999999999999997","-0.060000000000000026","0.0","0.004375989325169891","-0.00471944779785189","-0.005617956468307028","0.008543061803033072",,,,,,,
"0.20999999999999996","-0.060000000000000026","0.0","7.905742415359478E-4","-1.8307547467490113E-4","2.2542478845715482E-4","8.422236021737532E-4",,,,,,,
"0.23999999999999996","-0.060000000000000026","0.0","5.584985101883061E-4","-1.4224269508169337E-4","1.2027247377692118E-4","5.887436098464945E-4",,,,,,,
"0.26999999999999996","-0.060000000000000026","0.0","3.9637134739896356E-4","-9.376768362493609E-5","9.565926499549079E-5","4.183937362231102E-4",,,,,,,
"-0.3","-0.030000000000000027","0.0","0.001389193333409509","0.0010363763915161412","-0.0011354529565156218","0.0020720008588177535",,,,,,,
"-0.27","-0.030000000000000027","0.0","0.0031563480003740335","0.0029669619374417117","-0.003200721035623565","0.005386094223607327",,,,,,,
"-0.24000000000000002","-0.030000000000000027","0.0","0.009567951631101747","0.008664284273503676","-0.009037509244565147","0.015757287004201776",,,,,,,
"-0.21000000000000002","-0.030000000000000027","0.0","0.031174024324544632","0.02257603417977195","-0.021389594462948303","0.04403421241674388",,,,,,,
"-0.18000000000000002","-0.030000000000000027","0.0","0.09743026716825404","0.04535222618787188","-0.02919141060359771","0.11136256028711396",,,,,,,
"-0.15000000000000002","-0.030000000000000027","0.0","0.17542079551490186","0.051466042817200235","-0.014048879729424826","0.18335370212786745",,,,,,,
"-0.12000000000000002","-0.030000000000000027","0.0","0.2723104274350938","0.07673927445898905","-0.004703789465635983","0.2829558459719689",,,,,,,
"-0.09000000000000002","-0.030000000000000027","0.0","0.4499594504905264","0.15522338751379944","0.011516475455645402","0.47612019104834874",,,,,,,
"-0.060000000000000026","-0.030000000000000027","0.0","0.8224569856208326","0.41422563751267993","0.05088485528832822","0.9222839261675368",,,,,,,
"-0.030000000000000027","-0.030000000000000027","0.0","1.5435230929296322","1.560163255867764","0.11936636662364968","2.1979129311344185",,,,,,,
"-2.7755575615628914E-17","-0.030000000000000027","0.0","0.00371799452130499","3.5550068115215008","0.1444712304720346","3.5579431122323517",,,,,,,
"0.02999999999999997","-0.030000000000000027","0.0","-1.547675772097438","1.563184669672222","0.12362522748633636","2.2032089787187012",,,,,,,
"0.05999999999999997","-0.030000000000000027","0.0","-0.8281120425855696","0.41458470840514605","0.05341619308575724","0.9276331846168501",,,,,,,
"0.08999999999999997","-0.030000000000000027","0.0","-0.4571588394690865","0.15387956122020385","0.014182835391502814","0.48257048882602316",,,,,,,
"0.11999999999999997","-0.030000000000000027","0.0","-0.2833216377645921","0.07280752499594084","1.61770202104388E-4","0.2925271137710889",,,,,,,
"0.14999999999999997","-0.030000000000000027","0.0","-0.196425240650273","0.041655765423074136","-0.0020721619264067906","0.2008043122359405",,,,,,,
"0.17999999999999997","-0.030000000000000027","0.0","-0.14880186805610982","0.02766080468719358","0.0012836791191018133","0.151356413425437",,,,,,,
"0.20999999999999996","-0.030000000000000027","0.0","8.999498379849781E-4","-2.3167955313538923E-4","2.146203201835097E-4","9.537541654251761E-4",,,,,,,
"0.23999999999999996","-0.030000000000000027","0.0","6.152928619335841E-4","-8.801085514185432E-5","1.2131868031178063E-4","6.332846427648574E-4",,,,,,,
"0.26999999999999996","-0.030000000000000027","0.0","4.277950637018066E-4","-5.603885269338886E-5","9.982803907669009E-5","4.4284828883571546E-4",,,,,,,
"-0.3","-2.7755575615628914E-17","0.0","0.0020203708072726242","1.1567651890185606E-4","-0.0013410970736070626","0.0024277192211501963",,,,,,,
"-0.27","-2.7755575615628914E-17","0.0","0.005069078440498549","3.4110872428314714E-4","-0.0037330313369463206","0.006304556634715285",,,,,,,
"-0.24000000000000002","-2.7755575615628914E-17","0.0","0.01450325659065833","9.96917748299707E-4","-0.009902317828356167","0.017589604745562922",,,,,,,
"-0.21000000000000002","-2.7755575615628914E-17","0.0","0.04238559141308379","0.0023951247026350853","-0.021383828563634827","0.047534651632435254",,,,,,,
"-0.18000000000000002","-2.7755575615628914E-17","0.0","0.10383658927559916","0.003821173873856337","-0.024827412390107006","0.1068318260077593",,,,,,,
"-0.15000000000000002","-2.7755575615628914E-17","0.0","0.18147824184951644","0.00336334158163333","-0.014579843985347998","0.18209403115430065",,,,,,,
"-0.12000000000000002","-2.7755575615628914E-17","0.0","0.2955680594968421","0.002569212893329188","-0.004518104568326866","0.295613754616578",,,,,,,
"-0.09000000000000002","-2.7755575615628914E-17","0.0","0.5235091656303114","0.001957345726003109","0.015405345338399327","0.5237394412933125",,,,,,,
"-0.060000000000000026","-2.7755575615628914E-17","0.0","1.1326892456136008","0.0012427174316433358","0.0665289476093675","1.13464204590934",,,,,,,
"-0.030000000000000027","-2.7755575615628914E-17","0.0","4.736273785531902","-2.1623039986658172E-4","0.1530271323925575","4.738745268688809",,,,,,,
"-2.7755575615628914E-17","-2.7755575615628914E-17","0.0","0.005339038327968624","-0.0017072888114661882","0.09614177236051112","0.09630503910997397",,,,,,,
"0.02999999999999997","-2.7755575615628914E-17","0.0","-4.739224699133585","-0.0024348459626770897","0.15974152246067908","4.741916704387661",,,,,,,
"0.05999999999999997","-2.7755575615628914E-17","0.0","-1.139323382561649","9.910118613991115E-4","0.06976605553864122","1.141457863725879",,,,,,,
"0.08999999999999997","-2.7755575615628914E-17","0.0","-0.531762392670774","0.001704965719942005","0.018436402298018975","0.5320846268186546",,,,,,,
"0.11999999999999997","-2.7755575615628914E-17","0.0","-0.30864509009394236","0.002098949544950859","9.250823065684849E-4","0.30865361330391705",,,,,,,
"0.14999999999999997","-2.7755575615628914E-17","0.0","-0.206515312195633","0.0025209035663916945","-0.002306025438546389","0.20654357138234544",,,,,,,
"0.17999999999999997","-2.7755575615628914E-17","0.0","-0.15662836852905943","0.0066061830420728355","9.376963300669428E-6","0.1567676228383516",,,,,,,
"0.20999999999999996","-2.7755575615628914E-17","0.0","7.972520101321982E-4","2.4713157605522955E-4","1.1661680796969012E-4","8.427836397583971E-4",,,,,,,
"0.23999999999999996","-2.7755575615628914E-17","0.0","6.184132743716125E-4","-1.5548428014270785E-6","1.1457369099335516E-4","6.289392070168605E-4",,,,,,,
"0.26999999999999996","-2.7755575615628914E-17","0.0","4.3944210443451454E-4","-1.2563092722580148E-5","9.946602371953503E-5","4.507334958965952E-4",,,,,,,
"-0.3","0.02999999999999997","0.0","0.0016043016876348408","-9.034481708894341E-4","-0.0012086591841468637","0.0022024666912019404",,,,,,,
"-0.27","0.02999999999999997","0.0","0.003876231666081416","-0.002502811027455458","-0.003397599250948639","0.005730001364601208",,,,,,,
"-0.24000000000000002","0.02999999999999997","0.0","0.01135735184694795","-0.007046222089804831","-0.009250010251779258","0.01625427255746153",,,,,,,
"-0.21000000000000002","0.02999999999999997","0.0","0.03522522545583467","-0.01840485850161422","-0.02157057255378166","0.04521996157867433",,,,,,,
"-0.18000000000000002","0.02999999999999997","0.0","0.09840480065328013","-0.03524914223729811","-0.027157789004313353","0.1079979274045566",,,,,,,
"-0.15000000000000002","0.02999999999999997","0.0","0.1732751935223912","-0.04434561260421945","-0.014413917162505337","0.17943964738996004",,,,,,,
"-0.12000000000000002","0.02999999999999997","0.0","0.2709716801068207","-0.07155320248149305","-0.005203075930005638","0.28030801666096555",,,,,,,
"-0.09000000000000002","0.02999999999999997","0.0","0.44889332068314014","-0.15104554017012609","0.010978160030932002","0.47375150507084024",,,,,,,
"-0.060000000000000026","0.02999999999999997","0.0","0.8210252420078524","-0.41083904979129726","0.049793576967196815","0.9194294824262799",,,,,,,
"-0.030000000000000027","0.02999999999999997","0.0","1.5414364194952894","-1.557551072930759","0.11587477272269589","2.194406193731633",,,,,,,
"-2.7755575615628914E-17","0.02999999999999997","0.0","0.002956498645583907","-3.5521360291916313","0.1375133637190701","3.554798030263726",,,,,,,
"0.02999999999999997","0.02999999999999997","0.0","-1.5452035398958108","-1.5598909472260398","0.11964230751544841","2.198915193610685",,,,,,,
"0.05999999999999997","0.02999999999999997","0.0","-0.8266058348402903","-0.4113695808110236","0.05223931268846131","0.9247870479190403",,,,,,,
"0.08999999999999997","0.02999999999999997","0.0","-0.4563319460692202","-0.15005831349820012","0.0136946343897848","0.4805662134028106",,,,,,,
"0.11999999999999997","0.02999999999999997","0.0","-0.2826495012140079","-0.06837518127805317","-1.674774030607539E-4","0.2908022248883502",,,,,,,
"0.14999999999999997","0.02999999999999997","0.0","-0.1956206249722418","-0.03661516920805927","-0.0024187325315553516","0.19903253452067704",,,,,,,
"0.17999999999999997","0.02999999999999997","0.0","-0.1562354286867255","-0.022383612374814687","7.517005164930416E-4","0.15783250721425338",,,,,,,
"0.20999999999999996","0.02999999999999997","0.0","6.171115342773846E-4","-1.1777174301247718E-4","6.0082631274653914E-5","6.311154821197708E-4",,,,,,,
"0.23999999999999996","0.02999999999999997","0.0","5.957345037176687E-4","3.2762076962444565E-5","1.0299246163546425E-4","6.054588340757469E-4",,,,,,,
"0.26999999999999996","0.02999999999999997","0.0","4.349009543702963E-4","2.7835152302349037E-5","9.423162366292392E-5","4.458623495138835E-4",,,,,,,
"-0.3","0.05999999999999997","0.0","4.728775598456118E-4","-0.0012313002238806636","-7.951417621105399E-4","0.0015401181285168897",,,,,,,
"-0.27","0.05999999999999997","0.0","4.185452329811021E-4","-0.003617589494509975","-0.002359952648679398","0.004339528818529616",,,,,,,
"-0.24000000000000002","0.05999999999999997","0.0","8.466669904183572E-4","-0.012166254316585795","-0.007355783482042596","0.014242265961678895",,,,,,,
"-0.21000000000000002","0.05999999999999997","0.0","0.009092935283993341","-0.028725373317440364","-0.020062181025496954","0.03619833769394688",,,,,,,
"-0.18000000000000002","0.05999999999999997","0.0","0.08140909944655998","-0.10008124434914759","-0.04879581111101724","0.1379301566922758",,,,,,,
"-0.15000000000000002","0.05999999999999997","0.0","0.1587985488896518","-0.07931679524934396","-0.01137124563734085","0.1778691608048743",,,,,,,
"-0.12000000000000002","0.05999999999999997","0.0","0.21671367735624214","-0.11461093630550813","-0.005615138030337356","0.2452182995805786",,,,,,,
"-0.09000000000000002","0.05999999999999997","0.0","0.3064681999939984","-0.20738389453556796","0.0028992522958369237","0.3700530272598454",,,,,,,
"-0.060000000000000026","0.05999999999999997","0.0","0.4154812757689455","-0.417830788546912","0.021777119082723947","0.5896452334140148",,,,,,,
"-0.030000000000000027","0.05999999999999997","0.0","0.40661334544002464","-0.8211246461811823","0.049858314727898465","0.9176415143200567",,,,,,,
"-2.7755575615628914E-17","0.05999999999999997","0.0","-6.185424187667332E-4","-1.1211814931792632","0.06607357250151868","1.1231269029924977",,,,,,,
"0.02999999999999997","0.05999999999999997","0.0","-0.4091326871704249","-0.8219543491015698","0.05093214064764265","0.9195610858824058",,,,,,,
"0.05999999999999997","0.05999999999999997","0.0","-0.4195088535331612","-0.41771380524333523","0.02318811960375677","0.5924611296737807",,,,,,,
"0.08999999999999997","0.05999999999999997","0.0","-0.3118808709301671","-0.2055568994417957","0.0048671998596488296","0.3735599097798877",,,,,,,
"0.11999999999999997","0.05999999999999997","0.0","-0.22413686817791056","-0.10949301859174718","-0.0020008332597047313","0.2494595360587923",,,,,,,
"0.14999999999999997","0.05999999999999997","0.0","-0.16964015174483602","-0.06488468954843467","-0.002267229791603359","0.18163960017775768",,,,,,,
"0.17999999999999997","0.05999999999999997","0.0","-0.014341067325520264","-0.020510052613952452","0.023912887552815797","0.034614370734939205",,,,,,,
"0.20999999999999996","0.05999999999999997","0.0","9.304485090177708E-4","1.1328692019564314E-4","2.2019105241457375E-5","9.375783675066534E-4",,,,,,,
"0.23999999999999996","0.05999999999999997","0.0","5.992377643387137E-4","9.726043590394896E-5","8.942646843056638E-5","6.136306575276768E-4",,,,,,,
"0.26999999999999996","0.05999999999999997","0.0","4.182945320246688E-4","7.013576506210334E-5","8.63869174258397E-5","4.328418193346411E-4",,,,,,,
"-0.3","0.08999999999999997","0.0","-2.6075037609647034E-4","-6.860609815386343E-4","-3.3083415916191917E-4","8.050600411724451E-4",,,,,,,
"-0.27","0.08999999999999997","0.0","-0.0016601730691767978","2.347972483864942E-4","8.762423144107972E-4","0.0018918522566611189",,,,,,,
"-0.24000000000000002","0.08999999999999997","0.0","-5.998677687814563E-4","2.823380731489962E-4","-1.827942935073206E-4","6.87728057673359E-4",,,,,,,
"-0.21000000000000002","0.08999999999999997","0.0","-0.0010702326380434327","-2.8274315678967246E-4","-1.0077972417947033E-4","0.0011115296420026255",,,,,,,
"-0.18000000000000002","0.08999999999999997","0.0","-0.003170279636341801","7.179981813583E-4","2.592505810545238E-4","0.0032608902503479687",,,,,,,
"-0.15000000000000002","0.08999999999999997","0.0","0.14083387934384226","-0.08724461116284832","-0.0034134556056649593","0.16570291315231717",,,,,,,
"-0.12000000000000002","0.08999999999999997","0.0","0.16123774475969974","-0.12424227803928771","-0.004506230948699857","0.20360270161505414",,,,,,,
"-0.09000000000000002","0.08999999999999997","0.0","0.19159210541479618","-0.1939268799107302","-0.002452266141499654","0.27261911748520845",,,,,,,
"-0.060000000000000026","0.08999999999999997","0.0","0.2048181015717807","-0.309384499795884","0.003755123067827941","0.3710570365788421",,,,,,,
"-0.030000000000000027","0.08999999999999997","0.0","0.14951253632168793","-0.45231999693450137","0.012372492697568526","0.4765505814913279",,,,,,,
"-2.7755575615628914E-17","0.08999999999999997","0.0","-9.763385240581121E-4","-0.5264557672544626","0.016921337817143042","0.5267285446849452",,,,,,,
"0.02999999999999997","0.08999999999999997","0.0","-0.1518006237241896","-0.45234217932757026","0.012830128617731132","0.47730649352613697",,,,,,,
"0.05999999999999997","0.08999999999999997","0.0","-0.20774899108687417","-0.3088574111174938","0.004563668346348193","0.3722544435847478",,,,,,,
"0.08999999999999997","0.08999999999999997","0.0","-0.1950577164011469","-0.19222420083388375","-0.0012602516089872","0.27385989912357284",,,,,,,
"0.11999999999999997","0.08999999999999997","0.0","-0.16453704485825418","-0.12047432352871709","-0.002777137949058872","0.20394659657757774",,,,,,,
"0.14999999999999997","0.08999999999999997","0.0","-0.1401705099395047","-0.08084783819776746","-0.0015164074688271462","0.16182226141530925",,,,,,,
"0.17999999999999997","0.08999999999999997","0.0","2.950303684284877E-4","-6.574487992647387E-5","2.1659521041439677E-4","3.718585654601121E-4",,,,,,,
"0.20999999999999996","0.08999999999999997","0.0","7.468578644819434E-4","2.9755451640512965E-4","4.301118632519503E-5","8.05099572798744E-4",,,,,,,
"0.23999999999999996","0.08999999999999997","0.0","5.38706261161686E-4","1.7473340048823738E-4","7.937900017932282E-5","5.718716837984325E-4",,,,,,,
"0.26999999999999996","0.08999999999999997","0.0","3.803386893564532E-4","1.0987452089396526E-4","7.90938246508296E-5","4.0371495149543225E-4",,,,,,,
"-0.3","0.11999999999999997","0.0","-2.6734370986850964E-4","-2.9753918551339966E-4","-1.0203655608298571E-4","4.1281192436690996E-4",,,,,,,
"-0.27","0.11999999999999997","0.0","-4.833701791075329E-4","-1.2782537083401912E-4","-9.373178043446216E-5","5.08696080329618E-4",,,,,,,
"-0.24000000000000002","0.11999999999999997","0.0","-5.93879052470529E-4","5.106821559577173E-6","-5.002797317656512E-5","5.960043680124247E-4",,,,,,,
"-0.21000000000000002","0.11999999999999997","0.0","-8.335968212994351E-4","1.8101514690435088E-4","1.4439897036582044E-5","8.531463265558571E-4",,,,,,,
"-0.18000000000000002","0.11999999999999997","0.0","-0.0010370039910985252","7.601382503102964E-4","1.5986506320531376E-4","0.0012956636429153625",,,,,,,
"-0.15000000000000002","0.11999999999999997","0.0","-0.010852760994995981","-0.05228397015992512","-0.05108642109304195","0.07390005667788116",,,,,,,
"-0.12000000000000002","0.11999999999999997","0.0","0.11742269446022802","-0.11765907743834482","-0.002428822537825437","0.16624574237213635",,,,,,,
"-0.09000000000000002","0.11999999999999997","0.0","0.12096675900231342","-0.16195389764424542","-0.0035414164975542508","0.20217458637646732",,,,,,,
"-0.060000000000000026","0.11999999999999997","0.0","0.10977304094644261","-0.22083944056116608","-0.0028550000825306125","0.24663400019354473",,,,,,,
"-0.030000000000000027","0.11999999999999997","0.0","0.06888419200041629","-0.27864331349360105","-0.0011255885652312516","0.28703378723046113",,,,,,,
"-2.7755575615628914E-17","0.11999999999999997","0.0","-9.798939579214719E-4","-0.304092811315101","-1.0544785873336485E-4","0.30409440837500007",,,,,,,
"0.02999999999999997","0.11999999999999997","0.0","-0.07093926610189853","-0.27852701981368505","-8.623076953695745E-4","0.2874202912390327",,,,,,,
"0.05999999999999997","0.11999999999999997","0.0","-0.11206029715958947","-0.22038241412621273","-0.00235888516287788","0.24724781696671191",,,,,,,
"0.08999999999999997","0.11999999999999997","0.0","-0.12340696568637625","-0.16098233568030523","-0.002834650729235512","0.202861102298498",,,,,,,
"0.11999999999999997","0.11999999999999997","0.0","-0.11981295933681671","-0.11611457972978602","-0.0017207099860326307","0.16685533163110658",,,,,,,
"0.14999999999999997","0.11999999999999997","0.0","0.02568923446471355","0.008454834633087079","-0.008528697846962753","0.028357709410681643",,,,,,,
"0.17999999999999997","0.11999999999999997","0.0","9.192072941674371E-4","5.249488455010307E-4","-5.8211196439542566E-5","0.0010601423882830123",,,,,,,
"0.20999999999999996","0.11999999999999997","0.0","6.100404306441968E-4","3.272060075591174E-4","6.4183979962785E-5","6.952213184930375E-4",,,,,,,
"0.23999999999999996","0.11999999999999997","0.0","4.4560934665918147E-4","2.086731194024086E-4","7.709173071569978E-5","4.980514988792789E-4",,,,,,,
"0.26999999999999996","0.11999999999999997","0.0","3.2642503237883044E-4","1.3436730623469172E-4","7.401361460366901E-5","3.6067421573351814E-4",,,,,,,
"-0.3","0.14999999999999997","0.0","-2.229048026208787E-4","-1.4571480669618343E-4","-1.542070441311484E-5","2.66752983200855E-4",,,,,,,
"-0.27","0.14999999999999997","0.0","-3.455776858890478E-4","-7.588368576074568E-5","-6.2417676185141195E-6","3.538661193333836E-4",,,,,,,
"-0.24000000000000002","0.14999999999999997","0.0","-4.612289468991896E-4","3.928055527245188E-5","1.912416225021453E-5","4.6329346753652825E-4",,,,,,,
"-0.21000000000000002","0.14999999999999997","0.0","-5.761069925881205E-4","2.0338594448889805E-4","5.51319629777878E-5","6.134367470785834E-4",,,,,,,
"-0.18000000000000002","0.14999999999999997","0.0","-6.338458698524336E-4","4.0730928648138615E-4","9.024799856214113E-5","7.588189130665079E-4",,,,,,,
"-0.15000000000000002","0.14999999999999997","0.0","-7.272860674147527E-4","2.952852942043885E-4","9.311468461340583E-5","7.904484634178514E-4",,,,,,,
"-0.12000000000000002","0.14999999999999997","0.0","0.05732341603959911","-0.04379401862091452","0.02805205256107897","0.07740030843806446",,,,,,,
"-0.09000000000000002","0.14999999999999997","0.0","0.08091456130077818","-0.135270223616057","-0.0016362847556252247","0.15763209398925382",,,,,,,
"-0.060000000000000026","0.14999999999999997","0.0","0.06576861238260835","-0.1651367060588373","-0.0027909546831107","0.1777735399060833",,,,,,,
"-0.030000000000000027","0.14999999999999997","0.0","0.037606367821807325","-0.1908191682669365","-0.0031244395605139947","0.19451466783099366",,,,,,,
"-2.7755575615628914E-17","0.14999999999999997","0.0","-9.805826170672567E-4","-0.20128925976046333","-0.003078340710577464","0.20131518526607617",,,,,,,
"0.02999999999999997","0.14999999999999997","0.0","-0.03949340855614284","-0.19085748465614816","-0.002948487535521558","0.19492306776623788",,,,,,,
"0.05999999999999997","0.14999999999999997","0.0","-0.06774474437150142","-0.164818021679611","-0.0024891773072981196","0.17821483289560375",,,,,,,
"0.08999999999999997","0.14999999999999997","0.0","-0.08282747976011609","-0.1342594626067518","-0.0011254272024860043","0.15775696906715192",,,,,,,
"0.11999999999999997","0.14999999999999997","0.0","-0.020392173426407773","0.018480046367167","-0.0030553383775495263","0.027689130419474364",,,,,,,
"0.14999999999999997","0.14999999999999997","0.0","8.047647118267007E-4","7.357580068143565E-4","1.8175460214489363E-4","0.0011054505060805735",,,,,,,
"0.17999999999999997","0.14999999999999997","0.0","6.390884605591855E-4","4.874168653413046E-4","7.137783349508541E-5","8.069101908846518E-4",,,,,,,
"0.20999999999999996","0.14999999999999997","0.0","4.7092271506555514E-4","3.1934407236233156E-4","7.868468435991708E-5","5.744041431522686E-4",,,,,,,
"0.23999999999999996","0.14999999999999997","0.0","3.550283772964442E-4","2.1260931057656162E-4","7.647415395162014E-5","4.2082795041703595E-4",,,,,,,
"0.26999999999999996","0.14999999999999997","0.0","2.6941730373605094E-4","1.4290648446809644E-4","7.012324163095975E-5","3.129300494875297E-4",,,,,,,
"-0.3","0.17999999999999997","0.0","-1.8658318439501929E-4","-6.42984562478305E-5","1.8421242811396242E-5","1.9820927920144498E-4",,,,,,,
"-0.27","0.17999999999999997","0.0","-2.646307981573168E-4","-1.2533255516758719E-5","2.819363571545004E-5","2.664233903434201E-4",,,,,,,
"-0.24000000000000002","0.17999999999999997","0.0","-3.429262812832495E-4","7.288550028474967E-5","4.382106815481319E-5","3.533143311001485E-4",,,,,,,
"-0.21000000000000002","0.17999999999999997","0.0","-4.151054765756125E-4","1.9086069446135805E-4","6.0854064923557426E-5","4.609160211915602E-4",,,,,,,
"-0.18000000000000002","0.17999999999999997","0.0","-4.7430421575057446E-4","3.3649980881288096E-4","6.673693799525576E-5","5.853635018540663E-4",,,,,,,
"-0.15000000000000002","0.17999999999999997","0.0","-5.057396369092521E-4","5.225380548654815E-4","4.9547911262261543E-5","7.28885172461449E-4",,,,,,,
"-0.12000000000000002","0.17999999999999997","0.0","-3.211270268399142E-4","6.06949649353922E-4","9.52731709849364E-5","6.932441282314744E-4",,,,,,,
"-0.09000000000000002","0.17999999999999997","0.0","-0.0012320848753304679","6.525794812548097E-4","0.0016623350960200407","0.002169620033746197",,,,,,,
"-0.060000000000000026","0.17999999999999997","0.0","0.05444302029516445","-0.13097849962315472","-0.002573813871704955","0.1418662551145924",,,,,,,
"-0.030000000000000027","0.17999999999999997","0.0","0.022665529452518204","-0.1465416121833027","-1.5236643492156702E-4","0.14828416483959084",,,,,,,
"-2.7755575615628914E-17","0.17999999999999997","0.0","-0.002084551826709776","-0.14994023806511453","-0.0010348418844613944","0.14995829835346658",,,,,,,
"0.02999999999999997","0.17999999999999997","0.0","-0.025973623475296297","-0.14590854002713116","-3.9368687100808106E-4","0.148202854758732",,,,,,,
"0.05999999999999997","0.17999999999999997","0.0","-0.04020533115052939","-0.15944175182391748","-0.022175901950518214","0.1659214015879881",,,,,,,
"0.08999999999999997","0.17999999999999997","0.0","0.0010576679165796251","5.68980799344359E-4","-4.431878859160242E-5","0.0012018172601550778",,,,,,,
"0.11999999999999997","0.17999999999999997","0.0","2.3902235233407877E-4","7.742026066186476E-4","3.031994510354085E-4","8.651307809334944E-4",,,,,,,
"0.14999999999999997","0.17999999999999997","0.0","4.8674757078277157E-4","6.607527529767079E-4","1.2588624084187126E-4","8.302799189806564E-4",,,,,,,
"0.17999999999999997","0.17999999999999997","0.0","4.3817847778718157E-4","4.3370408158068067E-4","8.88537469209002E-5","6.228921231782569E-4",,,,,,,
"0.20999999999999996","0.17999999999999997","0.0","3.4933195977885256E-4","2.923076762756923E-4","8.096505027099113E-5","4.6263585582833174E-4",,,,,,,
"0.23999999999999996","0.17999999999999997","0.0","2.7514318669381524E-4","2.014899918171871E-4","7.37799708866524E-5","3.4892044091820284E-4",,,,,,,
"0.26999999999999996","0.17999999999999997","0.0","2.164510195443819E-4","1.405537837957593E-4","6.606052803850809E-5","2.6640270900618476E-4",,,,,,,
"-0.3","0.20999999999999996","0.0","-1.5342389908468777E-4","-1.894088666016096E-5","3.1146788151469954E-5","1.576951882904931E-4",,,,,,,
"-0.27","0.20999999999999996","0.0","-2.0429805717964505E-4","2.293243747476265E-5","3.9533320127816504E-5","2.0934774003136467E-4",,,,,,,
"-0.24000000000000002","0.20999999999999996","0.0","-2.551158636935402E-4","8.689846581134479E-5","5.018845553473137E-5","2.7414289766001257E-4",,,,,,,
"-0.21000000000000002","0.20999999999999996","0.0","-3.0099950124211664E-4","1.7299366762126478E-4","6.060818447062473E-5","3.5242142501539956E-4",,,,,,,
"-0.18000000000000002","0.20999999999999996","0.0","-3.3642207927588936E-4","2.7993461934062655E-4","6.604553876549699E-5","4.426118160651826E-4",,,,,,,
"-0.15000000000000002","0.20999999999999996","0.0","-3.5104126622063583E-4","4.0122349624231924E-4","6.340752251409602E-5","5.368712866582392E-4",,,,,,,
"-0.12000000000000002","0.20999999999999996","0.0","-3.533596777287943E-4","5.130109042204473E-4","6.0847980978110675E-5","6.258959390208494E-4",,,,,,,
"-0.09000000000000002","0.20999999999999996","0.0","-3.8379734718328E-4","7.015206310039463E-4","8.481980298971623E-5","8.041305854202491E-4",,,,,,,
"-0.060000000000000026","0.20999999999999996","0.0","-2.3492537040104052E-4","9.486380378677867E-4","1.2991730135698346E-4","9.85891759646865E-4",,,,,,,
"-0.030000000000000027","0.20999999999999996","0.0","-1.0070500394481048E-4","9.003768386251585E-4","4.019808275623764E-4","9.911652410571569E-4",,,,,,,
"-2.7755575615628914E-17","0.20999999999999996","0.0","-3.1296041871338665E-4","7.926146703822657E-4","2.9734786125292396E-4","9.025508240415794E-4",,,,,,,
"0.02999999999999997","0.20999999999999996","0.0","3.2001771489387382E-6","0.0011825695912324305","3.425790662188565E-4","0.0012311951493783615",,,,,,,
"0.05999999999999997","0.20999999999999996","0.0","4.157546273328726E-4","8.649622373581531E-4","1.971569268543253E-4","9.797359011544692E-4",,,,,,,
"0.08999999999999997","0.20999999999999996","0.0","2.642615788127835E-4","6.685256442068573E-4","1.4505636601406702E-4","7.333498948796718E-4",,,,,,,
"0.11999999999999997","0.20999999999999996","0.0","2.783365518211622E-4","5.88106663938943E-4","1.306453386413579E-4","6.636330979975324E-4",,,,,,,
"0.14999999999999997","0.20999999999999996","0.0","3.054590972830641E-4","4.810878469970752E-4","1.0148736283879892E-4","5.788354355576718E-4",,,,,,,
"0.17999999999999997","0.20999999999999996","0.0","2.912837549856516E-4","3.5425460305814284E-4","8.624185149578316E-5","4.666692690287675E-4",,,,,,,
"0.20999999999999996","0.20999999999999996","0.0","2.5109114576938224E-4","2.5361285362961725E-4","7.721604516350251E-5","3.651418363329939E-4",,,,,,,
"0.23999999999999996","0.20999999999999996","0.0","2.0830649576024732E-4","1.8199707353216388E-4","6.912633755258845E-5","2.85119240833761E-4",,,,,,,
"0.26999999999999996","0.20999999999999996","0.0","1.7033675144966317E-4","1.314861897893795E-4","6.141385361609296E-5","2.2377419068277726E-4",,,,,,,
"-0.3","0.23999999999999996","0.0","-1.2429956528167983E-4","5.476237371010098E-6","3.509119875277591E-5","1.2927398553021043E-4",,,,,,,
"-0.27","0.23999999999999996","0.0","-1.5776750224169117E-4","3.916224793671379E-5","4.19817962552152E-5","1.6788906350281746E-4",,,,,,,
"-0.24000000000000002","0.23999999999999996","0.0","-1.9031339066510934E-4","8.725628611311509E-5","4.995688339277822E-5","2.1524064748793144E-4",,,,,,,
"-0.21000000000000002","0.23999999999999996","0.0","-2.1846697736512232E-4","1.498400876002703E-4","5.791077999660369E-5","2.7117066672286766E-4",,,,,,,
"-0.18000000000000002","0.23999999999999996","0.0","-2.3840575471389833E-4","2.2566545158225626E-4","6.431255131953681E-5","3.3451203891004454E-4",,,,,,,
"-0.15000000000000002","0.23999999999999996","0.0","-2.4623926233562304E-4","3.113857722026248E-4","6.848751902726936E-5","4.0284663795087984E-4",,,,,,,
"-0.12000000000000002","0.23999999999999996","0.0","-2.4060051322216878E-4","4.037824596325796E-4","7.203913397179971E-5","4.755192093839256E-4",,,,,,,
"-0.09000000000000002","0.23999999999999996","0.0","-2.1398341736834702E-4","5.045571673723862E-4","7.785841761710482E-5","5.535600882012014E-4",,,,,,,
"-0.060000000000000026","0.23999999999999996","0.0","-1.5318819976939526E-4","5.863166505244535E-4","9.209808596463657E-5","6.12956684170384E-4",,,,,,,
"-0.030000000000000027","0.23999999999999996","0.0","-1.0186806274032229E-4","6.240156120978582E-4","1.3349161905711686E-4","6.462140502239342E-4",,,,,,,
"-2.7755575615628914E-17","0.23999999999999996","0.0","-6.067179768280511E-5","6.708269958226225E-4","1.67609881583015E-4","6.941058980895785E-4",,,,,,,
"0.02999999999999997","0.23999999999999996","0.0","4.05160841327283E-5","6.990889428496901E-4","1.6235471735596326E-4","7.188365303293109E-4",,,,,,,
"0.05999999999999997","0.23999999999999996","0.0","1.426251527854975E-4","6.215809755532899E-4","1.3452246388973547E-4","6.517677014610583E-4",,,,,,,
"0.08999999999999997","0.23999999999999996","0.0","1.752093868560856E-4","5.205456405535376E-4","1.1440820372703923E-4","5.610305965113008E-4",,,,,,,
"0.11999999999999997","0.23999999999999996","0.0","1.9272261719022603E-4","4.405727816866733E-4","1.0125637710268542E-4","4.914257187446997E-4",,,,,,,
"0.14999999999999997","0.23999999999999996","0.0","2.0260687892142404E-4","3.596879300262136E-4","8.920484907795157E-5","4.223534769501052E-4",,,,,,,
"0.17999999999999997","0.23999999999999996","0.0","1.9706778747384762E-4","2.800291022455059E-4","7.932766223532781E-5","3.514895289478533E-4",,,,,,,
"0.20999999999999996","0.23999999999999996","0.0","1.7881057039763988E-4","2.1183648908730456E-4","7.099005589606882E-5","2.86159931211363E-4",,,,,,,
"0.23999999999999996","0.23999999999999996","0.0","1.5546808454816897E-4","1.586501214341619E-4","6.337141461828126E-5","2.3098944247491713E-4",,,,,,,
"0.26999999999999996","0.23999999999999996","0.0","1.3207798918544566E-4","1.1870213749428255E-4","5.632625584705116E-5","1.8629932842264817E-4",,,,,,,
"-0.3","0.26999999999999996","0.0","-9.981629101298335E-5","1.7704669768362894E-5","3.522862979331411E-5","1.0732103074565461E-4",,,,,,,
"-0.27","0.26999999999999996","0.0","-1.2191694057368234E-4","4.437424654579742E-5","4.087811741664299E-5","1.3602880076984746E-4",,,,,,,
"-0.24000000000000002","0.26999999999999996","0.0","-1.4260157223774944E-4","8.039837848905543E-5","4.7177396624849824E-5","1.703667057281025E-4",,,,,,,
"-0.21000000000000002","0.26999999999999996","0.0","-1.5948817404282527E-4","1.2559872048909437E-4","5.367065679594303E-5","2.0998108402644293E-4",,,,,,,
"-0.18000000000000002","0.26999999999999996","0.0","-1.7006586130718975E-4","1.7880283730500448E-4","5.985703838779447E-5","2.5392069008852764E-4",,,,,,,
"-0.15000000000000002","0.26999999999999996","0.0","-1.719154644987026E-4","2.3771570513840228E-4","6.557117257003832E-5","3.0060482709940345E-4",,,,,,,
"-0.12000000000000002","0.26999999999999996","0.0","-1.62872509686038E-4","2.990504332816867E-4","7.120777895478018E-5","3.478924601670262E-4",,,,,,,
"-0.09000000000000002","0.26999999999999996","0.0","-1.4069813681791456E-4","3.57489812173719E-4","7.757947161489248E-5","3.9193558900421307E-4",,,,,,,
"-0.060000000000000026","0.26999999999999996","0.0","-1.0707610084778842E-4","4.038375210865552E-4","8.633473479349416E-5","4.2661894149458794E-4",,,,,,,
"-0.030000000000000027","0.26999999999999996","0.0","-7.060745344399001E-5","4.3507083069894254E-4","9.877684189632748E-5","4.516955885349393E-4",,,,,,,
"-2.7755575615628914E-17","0.26999999999999996","0.0","-2.985478614186394E-5","4.564762238234446E-4","1.0978169525889394E-4","4.7044008309837353E-4",,,,,,,
"0.02999999999999997","0.26999999999999996","0.0","2.242852918166436E-5","4.584861368130928E-4","1.1196473626466789E-4","4.7249198801446724E-4",,,,,,,
"0.05999999999999997","0.26999999999999996","0.0","7.319555869260392E-5","4.28780957088787E-4","1.0533287105308056E-4","4.475552621728221E-4",,,,,,,
"0.08999999999999997","0.26999999999999996","0.0","1.068599683607908E-4","3.798619619249111E-4","9.582738615821916E-5","4.0607517886892357E-4",,,,,,,
"0.11999999999999997","0.26999999999999996","0.0","1.2629197411580817E-4","3.26566170180604E-4","8.680463079028927E-5","3.6073559591359104E-4",,,,,,,
"0.14999999999999997","0.26999999999999996","0.0","1.3561700151680313E-4","2.72366230964137E-4","7.849694670276294E-5","3.1422460997139386E-4",,,,,,,
"0.17999999999999997","0.26999999999999996","0.0","1.3547625327661514E-4","2.2012514167515365E-4","7.085080794264443E-5","2.680088248276566E-4",,,,,,,
"0.20999999999999996","0.26999999999999996","0.0","1.2767342944022976E-4","1.736734170881278E-4","6.377158244278862E-5","2.2478828954230137E-4",,,,,,,
"0.23999999999999996","0.26999999999999996","0.0","1.1540598929905744E-4","1.351323472897703E-4","5.717569628904328E-5","1.8667713811893028E-4",,,,,,,
"0.26999999999999996","0.26999999999999996","0.0","1.0151522218942215E-4","1.0450460355310143E-4","5.107220023826911E-5","1.543856280135444E-4",,,,,,,
