"Z-coordinate","Electric Potential"
"-0.001","0.001642924788464624"
"-9.83E-4","0.0016780730044270718"
"-9.66E-4","0.0017149996081106801"
"-9.49E-4","0.001753829276399723"
"-9.32E-4","0.0017946968251251678"
"-9.15E-4","0.0018377480710825194"
"-8.98E-4","0.0018831407576484528"
"-8.810000000000001E-4","0.0019310455444230229"
"-8.640000000000001E-4","0.001981647059503463"
"-8.470000000000001E-4","0.002035145010434029"
"-8.300000000000001E-4","0.002091755346561764"
"-8.130000000000001E-4","0.00215171146054587"
"-7.960000000000002E-4","0.0022152654103961993"
"-7.790000000000002E-4","0.0022826891346778766"
"-7.620000000000002E-4","0.0023542756213933373"
"-7.450000000000002E-4","0.002430339975313807"
"-7.280000000000002E-4","0.0025112203069510325"
"-7.110000000000003E-4","0.0025972783377249307"
"-6.940000000000003E-4","0.002688899577210626"
"-6.770000000000003E-4","0.002786492876913863"
"-6.600000000000003E-4","0.0028904890954423042"
"-6.430000000000003E-4","0.0030013385170680794"
"-6.260000000000004E-4","0.0031195065400308436"
"-6.090000000000004E-4","0.0032454669814563054"
"-5.920000000000004E-4","0.003379692116541015"
"-5.750000000000004E-4","0.0035226382577368876"
"-5.580000000000004E-4","0.00367472525459707"
"-5.410000000000005E-4","0.0038363077123190112"
"-5.240000000000005E-4","0.00400763492550984"
"-5.070000000000005E-4","0.004188795414449765"
"-4.900000000000005E-4","0.00437964040793197"
"-4.7300000000000055E-4","0.004579678455863297"
"-4.5600000000000057E-4","0.004787930308717116"
"-4.390000000000006E-4","0.0050027288745325554"
"-4.220000000000006E-4","0.005221442868970835"
"-4.0500000000000063E-4","0.005440093825186463"
"-3.8800000000000065E-4","0.005652823073495655"
"-3.7100000000000067E-4","0.005851146051647952"
"-3.540000000000007E-4","0.00602290258679717"
"-3.370000000000007E-4","0.0061507683900206035"
"-3.2000000000000073E-4","0.006210126476008614"
"-3.0300000000000075E-4","0.006165993630884977"
"-2.8600000000000077E-4","0.005968532934556284"
"-2.690000000000008E-4","0.005546418304539537"
"-2.520000000000008E-4","0.0047968798254019295"
"-2.350000000000008E-4","0.0035705202539858"
"-2.180000000000008E-4","0.0016477130421022506"
"-2.010000000000008E-4","-0.0012988923898742183"
"-1.8400000000000079E-4","-0.005765444166460153"
"-1.6700000000000078E-4","-0.01251927515199942"
"-1.5000000000000077E-4","-0.022776339737639716"
"-1.3300000000000077E-4","-0.038520613364057654"
"-1.1600000000000076E-4","-0.06310409181954006"
"-9.900000000000075E-5","-0.10242637611887187"
"-8.200000000000075E-5","-0.16735290029359215"
"-6.500000000000074E-5","-0.2787676189321595"
"-4.800000000000074E-5","-0.4774618310765421"
"-3.100000000000074E-5","-0.8363815369559809"
"-1.400000000000074E-5","-1.4335940023625193"
"2.9999999999992598E-6","-2.0223609853614435"
"1.999999999999926E-5","-1.8480083358254389"
"3.699999999999926E-5","-1.687242112763247"
"5.399999999999926E-5","-1.5892700451610782"
"7.099999999999926E-5","-1.5429581353947477"
"8.799999999999927E-5","-1.5040778783752469"
"1.0499999999999927E-4","-1.4619018477018815"
"1.2199999999999928E-4","-1.4307692540444568"
"1.3899999999999929E-4","-1.4153026123613368"
"1.559999999999993E-4","-1.4122991838044032"
"1.729999999999993E-4","-1.4135401731522772"
"1.899999999999993E-4","-1.4126255324269223"
"2.069999999999993E-4","-1.416646541827893"
"2.2399999999999932E-4","-1.421759887008415"
"2.4099999999999933E-4","-1.4211467763965384"
"2.5799999999999933E-4","-1.4171083194663465"
"2.749999999999993E-4","-1.4119212285260037"
"2.919999999999993E-4","-1.4156141398283257"
"3.0899999999999927E-4","-1.4320182600299947"
"3.2599999999999925E-4","-1.452585835599685"
"3.4299999999999923E-4","-1.4651006533889437"
"3.599999999999992E-4","-1.459471529730882"
"3.769999999999992E-4","-1.4443069119368186"
"3.9399999999999917E-4","-1.4286373661752403"
"4.1099999999999915E-4","-1.409704159236116"
"4.2799999999999913E-4","-1.3961469256934262"
"4.449999999999991E-4","-1.3967724639578103"
"4.619999999999991E-4","-1.3993389876963862"
"4.7899999999999907E-4","-1.3952364266206907"
"4.95999999999999E-4","-1.3877261763948727"
"5.12999999999999E-4","-1.3778039214358617"
"5.29999999999999E-4","-1.3724060119609374"
"5.46999999999999E-4","-1.3769189148822798"
"5.63999999999999E-4","-1.3854829776169872"
"5.809999999999989E-4","-1.3890552058283512"
"5.979999999999989E-4","-1.3713725409423674"
"6.149999999999989E-4","-1.3370106828808441"
"6.319999999999989E-4","-1.3066126713046624"
"6.489999999999989E-4","-1.2974023616929733"
"6.659999999999988E-4","-1.3115714625075796"
"6.829999999999988E-4","-1.3364166730099707"
"6.999999999999988E-4","-1.3621320032708475"
"7.169999999999988E-4","-1.378267285828933"
"7.339999999999988E-4","-1.371880217425748"
"7.509999999999987E-4","-1.3578048400815075"
"7.679999999999987E-4","-1.3573932067196197"
"7.849999999999987E-4","-1.3608535925787073"
"8.019999999999987E-4","-1.3576670901574555"
"8.189999999999987E-4","-1.3433448000199988"
"8.359999999999986E-4","-1.3307188557823675"
"8.529999999999986E-4","-1.3431381537355684"
"8.699999999999986E-4","-1.3726403430681144"
"8.869999999999986E-4","-1.395093550702468"
"9.039999999999986E-4","-1.4075508632546974"
"9.209999999999985E-4","-1.413794210366427"
"9.379999999999985E-4","-1.4188332939822481"
"9.549999999999985E-4","-1.4282018490386053"
"9.719999999999985E-4","-1.4400749912858364"
"9.889999999999986E-4","-1.44417221783031"
"0.0010059999999999986","-1.4267323730080055"
"0.0010229999999999987","-1.395013145885404"
"0.0010399999999999988","-1.3649051901780305"
"0.001056999999999999","-1.3460508846599788"
"0.001073999999999999","-1.333844122946748"
"0.001090999999999999","-1.319197713513688"
"0.0011079999999999992","-1.3144454069558758"
"0.0011249999999999993","-1.3301280746121904"
"0.0011419999999999994","-1.3520788150572602"
"0.0011589999999999994","-1.3636816311476143"
"0.0011759999999999995","-1.3729944736871926"
"0.0011929999999999996","-1.3921085336311911"
"0.0012099999999999997","-1.417739191434471"
"0.0012269999999999998","-1.4342368530456624"
"0.0012439999999999999","-1.4414457778236829"
"0.001261","-1.4541490503213574"
"0.001278","-1.4665321610194044"
"0.0012950000000000001","-1.4656924063690386"
"0.0013120000000000002","-1.4566681092491953"
"0.0013290000000000003","-1.447667976674145"
"0.0013460000000000004","-1.4384732198897294"
"0.0013630000000000005","-1.435185748268772"
"0.0013800000000000006","-1.4460102696598178"
"0.0013970000000000007","-1.4597322776022688"
"0.0014140000000000008","-1.4573314690475159"
"0.0014310000000000008","-1.4383683772753582"
"0.001448000000000001","-1.4183075567067893"
"0.001465000000000001","-1.4050279741991276"
"0.0014820000000000011","-1.396080684806624"
"0.0014990000000000012","-1.38499814568292"
"0.0015160000000000013","-1.379441818305063"
"0.0015330000000000014","-1.3954718466024023"
"0.0015500000000000015","-1.426901727744001"
"0.0015670000000000016","-1.4450316319819856"
"0.0015840000000000016","-1.4328591543980829"
"0.0016010000000000017","-1.4070564104449195"
"0.0016180000000000018","-1.393904327560461"
"0.001635000000000002","-1.4000931135319645"
"0.001652000000000002","-1.4176701542367092"
"0.001669000000000002","-1.4317657185896207"
"0.0016860000000000022","-1.447060507572585"
"0.0017030000000000023","-1.4746595432009326"
"0.0017200000000000023","-1.5037327608390587"
"0.0017370000000000024","-1.5147402430880412"
"0.0017540000000000025","-1.5017427446569078"
"0.0017710000000000026","-1.4718054576113595"
"0.0017880000000000027","-1.4388131461862013"
"0.0018050000000000028","-1.4270049719272164"
"0.0018220000000000029","-1.4416045114860765"
"0.001839000000000003","-1.4587956964316302"
"0.001856000000000003","-1.4633173431971462"
"0.0018730000000000031","-1.4667017240466935"
"0.0018900000000000032","-1.4725542168312515"
"0.0019070000000000033","-1.480616093062685"
"0.0019240000000000034","-1.5079751000060948"
"0.0019410000000000035","-1.5442012428404812"
"0.0019580000000000036","-1.538040272970739"
"0.0019750000000000037","-1.478398050944458"
"0.0019920000000000038","-1.4126535730889123"
"0.002009000000000004","-1.3823320273935784"
"0.002026000000000004","-1.393349329047639"
"0.002043000000000004","-1.4166447026729547"
"0.002060000000000004","-1.411041583881318"
"0.002077000000000004","-1.3789895267563537"
"0.0020940000000000043","-1.3543667764420309"
"0.0021110000000000044","-1.3493434918635812"
"0.0021280000000000045","-1.3592554286123733"
"0.0021450000000000045","-1.3784484871865075"
"0.0021620000000000046","-1.3974224939857476"
"0.0021790000000000047","-1.4056619141092497"
"0.002196000000000005","-1.4054334230605114"
"0.002213000000000005","-1.4145455150981492"
"0.002230000000000005","-1.4289900759162135"
"0.002247000000000005","-1.4254630861316218"
"0.002264000000000005","-1.4063020121460055"
"0.0022810000000000052","-1.3964478275088354"
"0.0022980000000000053","-1.401408029079425"
"0.0023150000000000054","-1.4095494456865791"
"0.0023320000000000055","-1.4098216720225407"
"0.0023490000000000056","-1.388455675585602"
"0.0023660000000000057","-1.3520541071973018"
"0.0023830000000000058","-1.3290632689012387"
"0.002400000000000006","-1.3366486342747985"
"0.002417000000000006","-1.3686945256805543"
"0.002434000000000006","-1.4100421675294872"
"0.002451000000000006","-1.4460053863201379"
"0.002468000000000006","-1.4614812291113628"
"0.0024850000000000063","-1.451442128703608"
"0.0025020000000000064","-1.4307944184270802"
"0.0025190000000000065","-1.4251528849590858"
"0.0025360000000000066","-1.4427129882325143"
"0.0025530000000000067","-1.4691753158035754"
"0.0025700000000000067","-1.4856542008879237"
"0.002587000000000007","-1.4868654933877794"
"0.002604000000000007","-1.4817546348193493"
"0.002621000000000007","-1.4804730611304735"
"0.002638000000000007","-1.4758581849304975"
"0.002655000000000007","-1.4466289143623523"
"0.0026720000000000073","-1.3989766843582183"
"0.0026890000000000074","-1.3635518805889018"
"0.0027060000000000074","-1.350424311737448"
"0.0027230000000000075","-1.353267785416116"
"0.0027400000000000076","-1.3780478431555863"
"0.0027570000000000077","-1.4205482830226428"
"0.002774000000000008","-1.4548125296020538"
"0.002791000000000008","-1.461057180527048"
"0.002808000000000008","-1.4493917609479179"
"0.002825000000000008","-1.4290433549837034"
"0.002842000000000008","-1.4044171781050263"
"0.0028590000000000082","-1.397037631265881"
"0.0028760000000000083","-1.4099499056827844"
"0.0028930000000000084","-1.416763986332422"
"0.0029100000000000085","-1.4017977947777378"
"0.0029270000000000086","-1.3728316392075277"
"0.0029440000000000087","-1.3581352618958464"
"0.0029610000000000088","-1.3731167412820817"
"0.002978000000000009","-1.4006501725384626"
"0.002995000000000009","-1.4150614974340532"
"0.003012000000000009","-1.4058266150454706"
"0.003029000000000009","-1.382627967740766"
"0.003046000000000009","-1.359894081333915"
"0.0030630000000000093","-1.348011469886565"
"0.0030800000000000094","-1.3546512058099238"
"0.0030970000000000095","-1.3760012532837125"
"0.0031140000000000096","-1.392067757515432"
"0.0031310000000000096","-1.3964844784715449"
"0.0031480000000000097","-1.3936896494630708"
"0.00316500000000001","-1.388699629620151"
"0.00318200000000001","-1.3815505715641685"
"0.00319900000000001","-1.3740889501463844"
"0.00321600000000001","-1.3825054386682443"
"0.00323300000000001","-1.4175934024537113"
"0.0032500000000000103","-1.4629015865994786"
"0.0032670000000000103","-1.4915550642279516"
"0.0032840000000000104","-1.5012293229632425"
"0.0033010000000000105","-1.5004550955049263"
"0.0033180000000000106","-1.490683082011684"
"0.0033350000000000107","-1.4732499683735927"
"0.003352000000000011","-1.4542153329642005"
"0.003369000000000011","-1.4409110782068195"
"0.003386000000000011","-1.4260646197938553"
"0.003403000000000011","-1.4008973102086404"
"0.003420000000000011","-1.368083633044888"
"0.0034370000000000112","-1.3473128977975997"
"0.0034540000000000113","-1.354889518627655"
"0.0034710000000000114","-1.387423862355147"
"0.0034880000000000115","-1.4259729889746522"
"0.0035050000000000116","-1.4507440823820772"
"0.0035220000000000117","-1.4459631088352207"
"0.0035390000000000118","-1.4241366690510011"
"0.003556000000000012","-1.4147362477946768"
"0.003573000000000012","-1.410588375350979"
"0.003590000000000012","-1.3975191657706758"
"0.003607000000000012","-1.3990340498664295"
"0.003624000000000012","-1.4336615711761007"
"0.0036410000000000123","-1.4839686411465032"
"0.0036580000000000124","-1.5070336617185633"
"0.0036750000000000125","-1.4781894546935854"
"0.0036920000000000125","-1.4302252369796549"
"0.0037090000000000126","-1.3958364912979226"
"0.0037260000000000127","-1.3737767441498272"
"0.003743000000000013","-1.3572480468730228"
"0.003760000000000013","-1.3459465155413788"
"0.003777000000000013","-1.3343904625016898"
"0.003794000000000013","-1.3170968178479472"
"0.003811000000000013","-1.3018878742387305"
"0.0038280000000000132","-1.297564892828902"
"0.0038450000000000133","-1.3077436170672037"
"0.0038620000000000134","-1.3245421624383502"
"0.0038790000000000135","-1.3324271749921446"
"0.0038960000000000136","-1.3323850459412445"
"0.003913000000000014","-1.3272888568027745"
"0.003930000000000013","-1.3139410741772413"
"0.003947000000000013","-1.3032579715834878"
"0.003964000000000013","-1.3157166685010329"
"0.003981000000000012","-1.350357593200677"
"0.003998000000000012","-1.377914578367889"
"0.004015000000000012","-1.37202223975942"
"0.004032000000000011","-1.3441741836618508"
"0.004049000000000011","-1.3235584903478788"
"0.004066000000000011","-1.3218089639053487"
"0.00408300000000001","-1.3353711282621594"
"0.00410000000000001","-1.3552574117137985"
"0.0041170000000000095","-1.383253432762893"
"0.004134000000000009","-1.4164339640135346"
"0.004151000000000009","-1.4396773929684972"
"0.0041680000000000085","-1.4560172652141328"
"0.004185000000000008","-1.4806651122641998"
"0.004202000000000008","-1.5122088046547952"
"0.0042190000000000075","-1.5278867004133394"
"0.004236000000000007","-1.510100416866659"
"0.004253000000000007","-1.4716643609920663"
"0.004270000000000006","-1.4395396329518486"
"0.004287000000000006","-1.4197679475227414"
"0.004304000000000006","-1.3973537880067421"
"0.004321000000000005","-1.3780367115769616"
"0.004338000000000005","-1.3811705775458634"
"0.004355000000000005","-1.399284496472196"
"0.004372000000000004","-1.4112270343840723"
"0.004389000000000004","-1.4186057421379001"
"0.004406000000000004","-1.427203735248399"
"0.004423000000000003","-1.4321731855382713"
"0.004440000000000003","-1.436291966325114"
"0.004457000000000003","-1.440585782137545"
"0.004474000000000002","-1.4343371444141901"
"0.004491000000000002","-1.4268377684183706"
"0.004508000000000002","-1.4263256878698556"
"0.004525000000000001","-1.4245323563500703"
"0.004542000000000001","-1.421822617442498"
"0.0045590000000000006","-1.419299187537081"
"0.004576","-1.4092201971447278"
"0.004593","-1.3916169106975018"
"0.0046099999999999995","-1.380176776894347"
"0.004626999999999999","-1.3814146368082876"
"0.004643999999999999","-1.3830759610595516"
"0.0046609999999999985","-1.3732363258242137"
"0.004677999999999998","-1.3518831530540936"
"0.004694999999999998","-1.3434816054080103"
"0.0047119999999999974","-1.3687317412524034"
"0.004728999999999997","-1.4090638759773566"
"0.004745999999999997","-1.4299747367485884"
"0.004762999999999996","-1.4430864865797344"
"0.004779999999999996","-1.4589242695474558"
"0.004796999999999996","-1.4451584555918517"
"0.004813999999999995","-1.3989837774212988"
"0.004830999999999995","-1.35764167266351"
"0.004847999999999995","-1.3402299278967795"
"0.004864999999999994","-1.3477064032745993"
"0.004881999999999994","-1.3790563753787393"
"0.004898999999999994","-1.4272370603725062"
"0.004915999999999993","-1.473092480527364"
"0.004932999999999993","-1.4800842324625791"
"0.004949999999999993","-1.448880900152176"
"0.004966999999999992","-1.4247132322119094"
"0.004983999999999992","-1.4212626646438833"
"0.0050009999999999916","-1.419361434349304"
"0.005017999999999991","-1.41439986511304"
"0.005034999999999991","-1.4164545856089363"
"0.0050519999999999905","-1.427496731435969"
"0.00506899999999999","-1.4389474294395077"
"0.00508599999999999","-1.4382872033953076"
"0.0051029999999999895","-1.4236132600601723"
"0.005119999999999989","-1.4052607973328026"
"0.005136999999999989","-1.3861897615123837"
"0.0051539999999999885","-1.3690834871115802"
"0.005170999999999988","-1.3682225645250532"
"0.005187999999999988","-1.3886177901904846"
"0.005204999999999987","-1.4092666095204465"
"0.005221999999999987","-1.40325546600411"
"0.005238999999999987","-1.3663093810011813"
"0.005255999999999986","-1.3185674407150594"
"0.005272999999999986","-1.2788367423615539"
"0.005289999999999986","-1.2544955713184818"
"0.005306999999999985","-1.253089852729363"
"0.005323999999999985","-1.2712046776506027"
"0.005340999999999985","-1.2903877768762346"
"0.005357999999999984","-1.2982514466278934"
"0.005374999999999984","-1.3065171746776263"
"0.005391999999999984","-1.322432708902848"
"0.005408999999999983","-1.3395273616816765"
"0.005425999999999983","-1.3547800235290461"
"0.005442999999999983","-1.3749892141169784"
"0.005459999999999982","-1.392397160382462"
"0.005476999999999982","-1.3941615678696573"
"0.0054939999999999815","-1.3833990841723949"
"0.005510999999999981","-1.3734937413956338"
"0.005527999999999981","-1.3640717001129299"
"0.0055449999999999805","-1.3516045409358834"
"0.00556199999999998","-1.341087750495842"
"0.00557899999999998","-1.3360673743173035"
"0.0055959999999999795","-1.3331295764629212"
"0.005612999999999979","-1.3239846077145099"
"0.005629999999999979","-1.318015738172495"
"0.005646999999999978","-1.325519629224879"
"0.005663999999999978","-1.3325803656746682"
"0.005680999999999978","-1.329934613385702"
"0.005697999999999977","-1.3288267446924051"
"0.005714999999999977","-1.3366586550126884"
"0.005731999999999977","-1.345247248000285"
"0.005748999999999976","-1.3407467733006848"
"0.005765999999999976","-1.334821298168629"
"0.005782999999999976","-1.3456246758915338"
"0.005799999999999975","-1.3610598096946438"
"0.005816999999999975","-1.3552458974381711"
"0.005833999999999975","-1.3385063992820607"
"0.005850999999999974","-1.3342182183559976"
"0.005867999999999974","-1.3563618209615582"
"0.005884999999999974","-1.3965233015521052"
"0.005901999999999973","-1.415018933109104"
"0.005918999999999973","-1.3833117827491197"
"0.0059359999999999725","-1.3290168409812113"
"0.005952999999999972","-1.2963043806230845"
"0.005969999999999972","-1.3048192367134088"
"0.0059869999999999715","-1.3496242682416462"
"0.006003999999999971","-1.4060103343223656"
"0.006020999999999971","-1.443826536837004"
"0.0060379999999999705","-1.4602156516000036"
"0.00605499999999997","-1.4741332099956561"
"0.00607199999999997","-1.481928223224677"
"0.0060889999999999694","-1.4777835455142954"
"0.006105999999999969","-1.4703542259120632"
"0.006122999999999969","-1.4611538219817006"
"0.006139999999999968","-1.4588176815513387"
"0.006156999999999968","-1.472094131750855"
"0.006173999999999968","-1.4893235536990554"
"0.006190999999999967","-1.491918756595328"
"0.006207999999999967","-1.4857289546562404"
"0.006224999999999967","-1.4834475921542023"
"0.006241999999999966","-1.4756810767980995"
"0.006258999999999966","-1.4616891184078198"
"0.006275999999999966","-1.4587214920614313"
"0.006292999999999965","-1.4685986731783496"
"0.006309999999999965","-1.4880237363166275"
"0.006326999999999965","-1.499943875719301"
"0.006343999999999964","-1.4824780991675521"
"0.006360999999999964","-1.4489748384999757"
"0.0063779999999999636","-1.4248769222170319"
"0.006394999999999963","-1.4156229426376554"
"0.006411999999999963","-1.4134699492612988"
"0.0064289999999999625","-1.3987452533097071"
"0.006445999999999962","-1.3762188293280126"
"0.006462999999999962","-1.3695906958453883"
"0.0064799999999999615","-1.3844179849092306"
"0.006496999999999961","-1.4154536535034419"
"0.006513999999999961","-1.448726627593081"
"0.0065309999999999604","-1.4713830535840973"
"0.00654799999999996","-1.4789002184030915"
"0.00656499999999996","-1.4709258202711477"
"0.006581999999999959","-1.4610210904148846"
"0.006598999999999959","-1.456087197022279"
"0.006615999999999959","-1.45569000858622"
"0.006632999999999958","-1.465969424018324"
"0.006649999999999958","-1.4759285979545818"
"0.006666999999999958","-1.4719767262113885"
"0.006683999999999957","-1.4637665776186686"
"0.006700999999999957","-1.453372634251974"
"0.006717999999999957","-1.4354449910113218"
"0.006734999999999956","-1.4140225665478"
"0.006751999999999956","-1.3900610500968222"
"0.006768999999999956","-1.3662141458356856"
"0.006785999999999955","-1.3600223659751098"
"0.006802999999999955","-1.3765102470885944"
"0.006819999999999955","-1.395294106789654"
"0.006836999999999954","-1.3951842011274203"
"0.006853999999999954","-1.3712254881617665"
"0.0068709999999999535","-1.338991306960048"
"0.006887999999999953","-1.3272251735952438"
"0.006904999999999953","-1.3511123816220316"
"0.0069219999999999525","-1.4006347618798942"
"0.006938999999999952","-1.4470989674252972"
"0.006955999999999952","-1.4594009429324657"
"0.0069729999999999515","-1.4363531259621045"
"0.006989999999999951","-1.4148215745960224"
"0.007006999999999951","-1.4154856097412931"
"0.00702399999999995","-1.4209849394608773"
"0.00704099999999995","-1.4155339630990371"
"0.00705799999999995","-1.3968432927625738"
"0.007074999999999949","-1.378890955088327"
"0.007091999999999949","-1.3723276104097417"
"0.007108999999999949","-1.365197577618916"
"0.007125999999999948","-1.3552760224356737"
"0.007142999999999948","-1.3550792111002048"
"0.007159999999999948","-1.3689163646019726"
"0.007176999999999947","-1.3908117153324644"
"0.007193999999999947","-1.399504094028697"
"0.007210999999999947","-1.3850660355971038"
"0.007227999999999946","-1.3669273085768772"
"0.007244999999999946","-1.3673123229174367"
"0.007261999999999946","-1.39032990637232"
"0.007278999999999945","-1.418218054568657"
"0.007295999999999945","-1.4323090729420804"
"0.0073129999999999445","-1.4246924572047945"
"0.007329999999999944","-1.4034025343306096"
"0.007346999999999944","-1.3968223910074515"
"0.0073639999999999435","-1.421393125078013"
"0.007380999999999943","-1.4671827465002991"
"0.007397999999999943","-1.5107021121552253"
"0.0074149999999999425","-1.5231682520019019"
"0.007431999999999942","-1.4964589515515925"
"0.007448999999999942","-1.4566695449824936"
"0.007465999999999941","-1.4325913219005142"
"0.007482999999999941","-1.4238591552666835"
"0.007499999999999941","-1.4075435027878023"
"0.00751699999999994","-1.3902346229472684"
"0.00753399999999994","-1.400294425947898"
"0.00755099999999994","-1.4333185919802758"
"0.007567999999999939","-1.4541364345283248"
"0.007584999999999939","-1.4515218831375571"
"0.007601999999999939","-1.4434664344791557"
"0.007618999999999938","-1.4426073479317703"
"0.007635999999999938","-1.4541354675314857"
"0.007652999999999938","-1.4751354084505088"
"0.007669999999999937","-1.4851062108152622"
"0.007686999999999937","-1.4559608760311775"
"0.007703999999999937","-1.399613671085089"
"0.007720999999999936","-1.3589117990282429"
"0.007737999999999936","-1.3530279558792568"
"0.0077549999999999356","-1.368862570189111"
"0.007771999999999935","-1.381656383777231"
"0.007788999999999935","-1.3838062719070348"
"0.0078059999999999345","-1.3833825308440157"
"0.007822999999999934","-1.387158450502266"
"0.007839999999999934","-1.3949699697645184"
"0.007856999999999933","-1.399098431819941"
"0.007873999999999933","-1.393292190239001"
"0.007890999999999933","-1.3908255228450077"
"0.007907999999999932","-1.4068281843926786"
"0.007924999999999932","-1.432417065051579"
"0.007941999999999932","-1.446313413301383"
"0.007958999999999931","-1.4396417085506408"
"0.007975999999999931","-1.422528047657283"
"0.00799299999999993","-1.4088131852904853"
"0.00800999999999993","-1.4133741981981744"
"0.00802699999999993","-1.4323563249156768"
"0.00804399999999993","-1.4481270703932567"
"0.00806099999999993","-1.4522464443330239"
"0.008077999999999929","-1.4568883422000998"
"0.008094999999999929","-1.4692996660973088"
"0.008111999999999928","-1.4766333020010745"
"0.008128999999999928","-1.4709013869863619"
"0.008145999999999928","-1.4515528929836221"
"0.008162999999999927","-1.4197084371972384"
"0.008179999999999927","-1.381428840440847"
"0.008196999999999927","-1.3388130470772144"
"0.008213999999999926","-1.3067266921937293"
"0.008230999999999926","-1.3043005453544156"
"0.008247999999999926","-1.333308995315932"
"0.008264999999999925","-1.3830959054597163"
"0.008281999999999925","-1.4340127629170074"
"0.008298999999999924","-1.44389800644136"
"0.008315999999999924","-1.4051396879815112"
"0.008332999999999924","-1.369823824232067"
"0.008349999999999923","-1.3610028930780018"
"0.008366999999999923","-1.355426853679576"
"0.008383999999999923","-1.3299008836345858"
"0.008400999999999922","-1.2904556708533477"
"0.008417999999999922","-1.257664735812704"
"0.008434999999999922","-1.2399232459860616"
"0.008451999999999921","-1.234619134262365"
"0.008468999999999921","-1.2430854676667358"
"0.00848599999999992","-1.2631413746972613"
"0.00850299999999992","-1.288602387943126"
"0.00851999999999992","-1.3108748020683243"
"0.00853699999999992","-1.3208508010899644"
"0.00855399999999992","-1.3299480750675319"
"0.008570999999999919","-1.3499658414627658"
"0.008587999999999919","-1.3737865607746331"
"0.008604999999999918","-1.3962860675278077"
"0.008621999999999918","-1.4158814535010869"
"0.008638999999999918","-1.4215582750537363"
"0.008655999999999917","-1.4208305831820611"
"0.008672999999999917","-1.431065303879978"
"0.008689999999999917","-1.4448460881053469"
"0.008706999999999916","-1.4611183835593733"
"0.008723999999999916","-1.4949423646815185"
"0.008740999999999916","-1.5359032382089468"
"0.008757999999999915","-1.5490266341594545"
"0.008774999999999915","-1.5251520779135193"
"0.008791999999999914","-1.494640269076178"
"0.008808999999999914","-1.4806902708025473"
"0.008825999999999914","-1.476718292623758"
"0.008842999999999913","-1.4737143982119"
"0.008859999999999913","-1.475633897496695"
"0.008876999999999913","-1.482132383315595"
"0.008893999999999912","-1.4836914039506215"
"0.008910999999999912","-1.476928556462736"
"0.008927999999999912","-1.4727557217356104"
"0.008944999999999911","-1.4712900031515284"
"0.008961999999999911","-1.456946696390058"
"0.00897899999999991","-1.4239201490982296"
"0.00899599999999991","-1.389269134793967"
"0.00901299999999991","-1.3634242672921912"
"0.00902999999999991","-1.3438726694436283"
"0.00904699999999991","-1.3230150760710349"
"0.009063999999999909","-1.299501977072506"
"0.009080999999999909","-1.28924293347615"
"0.009097999999999908","-1.309015606465465"
"0.009114999999999908","-1.353801399587909"
"0.009131999999999908","-1.3928537990238516"
"0.009148999999999907","-1.402071487653627"
"0.009165999999999907","-1.394845614915202"
"0.009182999999999907","-1.3907111240839056"
"0.009199999999999906","-1.395230482145854"
"0.009216999999999906","-1.400655994896843"
"0.009233999999999905","-1.3988176134584187"
"0.009250999999999905","-1.4057323410442484"
"0.009267999999999905","-1.4343863248388407"
"0.009284999999999904","-1.4663707934852008"
"0.009301999999999904","-1.4752143019531765"
"0.009318999999999904","-1.4649647034649231"
"0.009335999999999903","-1.4499745328458225"
"0.009352999999999903","-1.4289591223212417"
"0.009369999999999903","-1.412459395466419"
"0.009386999999999902","-1.4181405928677402"
"0.009403999999999902","-1.4413026834994411"
"0.009420999999999902","-1.4576908726974114"
"0.009437999999999901","-1.4501850679175092"
"0.009454999999999901","-1.431034466453325"
"0.0094719999999999","-1.4161352130456237"
"0.0094889999999999","-1.4109453899527176"
"0.0095059999999999","-1.4232385058108035"
"0.0095229999999999","-1.4577885333750342"
"0.0095399999999999","-1.4909321485395544"
"0.009556999999999899","-1.4894908574118297"
"0.009573999999999899","-1.467604454601515"
"0.009590999999999898","-1.4571765068115428"
"0.009607999999999898","-1.4571840296726224"
"0.009624999999999898","-1.451799115127395"
"0.009641999999999897","-1.4265015123769127"
"0.009658999999999897","-1.3827788414751787"
"0.009675999999999896","-1.3496472106180717"
"0.009692999999999896","-1.3479556702535018"
"0.009709999999999896","-1.3668899513629134"
"0.009726999999999895","-1.3763386596505895"
"0.009743999999999895","-1.3631658396204613"
"0.009760999999999895","-1.3464352655582328"
"0.009777999999999894","-1.3445028052690304"
"0.009794999999999894","-1.3577485051246256"
"0.009811999999999894","-1.382332262674815"
"0.009828999999999893","-1.4058323271699402"
"0.009845999999999893","-1.414229672511251"
"0.009862999999999893","-1.4099296555085994"
"0.009879999999999892","-1.4072116510457506"
"0.009896999999999892","-1.4026541194665738"
"0.009913999999999892","-1.3896862247298025"
"0.009930999999999891","-1.3838612324884079"
"0.009947999999999891","-1.3916984007509754"
"0.00996499999999989","-1.399182679265427"
"0.00998199999999989","-1.3914411074039652"
"0.00999899999999989","-1.3789540831940013"
"0.01001599999999989","-1.3866839094540084"
"0.01003299999999989","-1.4128686014829603"
"0.010049999999999889","-1.4305700097605603"
"0.010066999999999889","-1.4213385210566416"
"0.010083999999999888","-1.3913829923043033"
"0.010100999999999888","-1.3628985800959181"
"0.010117999999999888","-1.3492712377602758"
"0.010134999999999887","-1.3433265124755258"
"0.010151999999999887","-1.3397759147323465"
"0.010168999999999886","-1.3424488297205515"
"0.010185999999999886","-1.3512792410063668"
"0.010202999999999886","-1.3609583671407524"
"0.010219999999999885","-1.3721698204688904"
"0.010236999999999885","-1.385346483875237"
"0.010253999999999885","-1.4029951470370832"
"0.010270999999999884","-1.4189328562989723"
"0.010287999999999884","-1.407035523239445"
"0.010304999999999884","-1.3738049808457262"
"0.010321999999999883","-1.3551707194767917"
"0.010338999999999883","-1.3633405949687691"
"0.010355999999999883","-1.3848777014178204"
"0.010372999999999882","-1.4088865390454477"
"0.010389999999999882","-1.4222127984820434"
"0.010406999999999882","-1.4150427375905315"
"0.010423999999999881","-1.4018740834892816"
"0.010440999999999881","-1.3976079214713129"
"0.01045799999999988","-1.3877801898657776"
"0.01047499999999988","-1.3568579231472768"
"0.01049199999999988","-1.3237908497870043"
"0.01050899999999988","-1.3128808034812027"
"0.01052599999999988","-1.31767898196104"
"0.010542999999999879","-1.3161393860409423"
"0.010559999999999879","-1.309895805846662"
"0.010576999999999878","-1.3083188437435638"
"0.010593999999999878","-1.3141332903993348"
"0.010610999999999877","-1.3313003315784868"
"0.010627999999999877","-1.3498321319704272"
"0.010644999999999877","-1.3614017100996108"
"0.010661999999999876","-1.364871854624945"
"0.010678999999999876","-1.3702772703891348"
"0.010695999999999876","-1.3773688419764465"
"0.010712999999999875","-1.360871775039455"
"0.010729999999999875","-1.3142045302387992"
"0.010746999999999875","-1.2720093030743982"
"0.010763999999999874","-1.2646302719522242"
"0.010780999999999874","-1.2946845458472223"
"0.010797999999999874","-1.343972855954159"
"0.010814999999999873","-1.3917088417890144"
"0.010831999999999873","-1.4312445206734277"
"0.010848999999999873","-1.4547690781574445"
"0.010865999999999872","-1.4567722928143252"
"0.010882999999999872","-1.4509347885592387"
"0.010899999999999872","-1.4559726748199797"
"0.010916999999999871","-1.466921185890474"
"0.010933999999999871","-1.4673297767994926"
"0.01095099999999987","-1.4570135040909242"
"0.01096799999999987","-1.4435712788014545"
"0.01098499999999987","-1.4338433048886539"
"0.01100199999999987","-1.439964403185464"
"0.01101899999999987","-1.4653871517699968"
"0.011035999999999869","-1.4917274767975597"
"0.011052999999999868","-1.4956636885690373"
"0.011069999999999868","-1.4740336623245152"
"0.011086999999999868","-1.4451838678435889"
"0.011103999999999867","-1.4172170977132135"
"0.011120999999999867","-1.390937220200987"
"0.011137999999999867","-1.3771010949158122"
"0.011154999999999866","-1.3860721083810996"
"0.011171999999999866","-1.3991273018722123"
"0.011188999999999866","-1.3944924805305525"
"0.011205999999999865","-1.3872485716793979"
"0.011222999999999865","-1.3918887618322442"
"0.011239999999999865","-1.4043296727077184"
"0.011256999999999864","-1.4138996108269544"
"0.011273999999999864","-1.420334555040532"
"0.011290999999999864","-1.4312902433581431"
"0.011307999999999863","-1.4414867915927716"
"0.011324999999999863","-1.439191039785655"
"0.011341999999999863","-1.4281815949385857"
"0.011358999999999862","-1.4206036190986506"
"0.011375999999999862","-1.4144491661544552"
"0.011392999999999862","-1.4022055518584509"
"0.011409999999999861","-1.378213626227544"
"0.011426999999999861","-1.3470760173374885"
"0.01144399999999986","-1.3176165322684852"
"0.01146099999999986","-1.3032166916867685"
"0.01147799999999986","-1.311181285069169"
"0.01149499999999986","-1.3438175986670857"
"0.01151199999999986","-1.3961412862977103"
"0.011528999999999859","-1.4308928333038766"
"0.011545999999999858","-1.4187261620552678"
"0.011562999999999858","-1.3939578554384329"
"0.011579999999999858","-1.388923626912724"
"0.011596999999999857","-1.3948966572720196"
"0.011613999999999857","-1.4017909587053476"
"0.011630999999999857","-1.41747118223713"
"0.011647999999999856","-1.4333107289401228"
"0.011664999999999856","-1.4201231211179366"
"0.011681999999999856","-1.383805045517235"
"0.011698999999999855","-1.3594629395102054"
"0.011715999999999855","-1.3596851815742896"
"0.011732999999999855","-1.3803069743548844"
"0.011749999999999854","-1.411270549559894"
"0.011766999999999854","-1.4281330549643594"
"0.011783999999999854","-1.4280027004197848"
"0.011800999999999853","-1.431637050106745"
"0.011817999999999853","-1.446336332990836"
"0.011834999999999853","-1.4571891496311506"
"0.011851999999999852","-1.4500948059869398"
"0.011868999999999852","-1.4326231163982273"
"0.011885999999999852","-1.4147894079207632"
"0.011902999999999851","-1.394914512280775"
"0.01191999999999985","-1.3685144823288682"
"0.01193699999999985","-1.3359558520559074"
"0.01195399999999985","-1.311336456644939"
"0.01197099999999985","-1.3225787398139646"
"0.01198799999999985","-1.3738559650207023"
"0.012004999999999849","-1.43352311556147"
"0.012021999999999849","-1.4710772133253807"
"0.012038999999999848","-1.4876822303471735"
"0.012055999999999848","-1.4703264355190917"
"0.012072999999999848","-1.426702108515705"
"0.012089999999999847","-1.4015650944216551"
"0.012106999999999847","-1.4220916235082544"
"0.012123999999999847","-1.4743333926079054"
"0.012140999999999846","-1.5036210720198826"
"0.012157999999999846","-1.4785851482448205"
"0.012174999999999846","-1.4315459564822284"
"0.012191999999999845","-1.3943082679310208"
"0.012208999999999845","-1.3682641720131616"
"0.012225999999999845","-1.3441222069579835"
"0.012242999999999844","-1.321512940501747"
"0.012259999999999844","-1.3021505043448593"
"0.012276999999999844","-1.2911613212603794"
"0.012293999999999843","-1.2948296980140588"
"0.012310999999999843","-1.311128574236548"
"0.012327999999999843","-1.3423681927867017"
"0.012344999999999842","-1.3860243901774432"
"0.012361999999999842","-1.423790403267781"
"0.012378999999999842","-1.4384196703851517"
"0.012395999999999841","-1.4296250675217559"
"0.01241299999999984","-1.421254300227871"
"0.01242999999999984","-1.4340942417747518"
"0.01244699999999984","-1.459943839041572"
"0.01246399999999984","-1.4812544475474152"
"0.01248099999999984","-1.4958334437849679"
"0.012497999999999839","-1.4974308897084332"
"0.012514999999999839","-1.4741398130924566"
"0.012531999999999838","-1.447586248777473"
"0.012548999999999838","-1.452040648244103"
"0.012565999999999838","-1.4840988490022564"
"0.012582999999999837","-1.493663895858247"
"0.012599999999999837","-1.4562980452233605"
"0.012616999999999837","-1.4187634272099627"
"0.012633999999999836","-1.4146749518913775"
"0.012650999999999836","-1.4298273694158008"
"0.012667999999999836","-1.4326270309399516"
"0.012684999999999835","-1.420760428334956"
"0.012701999999999835","-1.4159293661901577"
"0.012718999999999835","-1.4311696071291298"
"0.012735999999999834","-1.4586147631915523"
"0.012752999999999834","-1.4905935765960625"
"0.012769999999999834","-1.5209895481018867"
"0.012786999999999833","-1.5305708609341173"
"0.012803999999999833","-1.4987882789088423"
"0.012820999999999833","-1.454480556855838"
"0.012837999999999832","-1.436714006873909"
"0.012854999999999832","-1.4419108354477395"
"0.012871999999999831","-1.4295150523358398"
"0.012888999999999831","-1.3876084870429855"
"0.01290599999999983","-1.3501160962796326"
"0.01292299999999983","-1.3460666554373506"
"0.01293999999999983","-1.375447196289653"
"0.01295699999999983","-1.41201208070289"
"0.01297399999999983","-1.4243816706892882"
"0.012990999999999829","-1.4051640269022159"
"0.013007999999999829","-1.3754844011241145"
"0.013024999999999828","-1.36097658085743"
"0.013041999999999828","-1.370329698962724"
"0.013058999999999828","-1.3855574311147765"
"0.013075999999999827","-1.389365668477636"
"0.013092999999999827","-1.387160677921612"
"0.013109999999999827","-1.3862307029519965"
"0.013126999999999826","-1.3836413604158662"
"0.013143999999999826","-1.3879439156537665"
"0.013160999999999826","-1.404516136046488"
"0.013177999999999825","-1.4133886746059665"
"0.013194999999999825","-1.40458905820169"
"0.013211999999999825","-1.399347048623356"
"0.013228999999999824","-1.4109347802023713"
"0.013245999999999824","-1.4176974369931539"
"0.013262999999999824","-1.3979279696401974"
"0.013279999999999823","-1.367523692491967"
"0.013296999999999823","-1.3524559759125363"
"0.013313999999999823","-1.3566723428430556"
"0.013330999999999822","-1.3690846048864622"
"0.013347999999999822","-1.3751145303563763"
"0.013364999999999821","-1.3721493054518845"
"0.013381999999999821","-1.3737263356470812"
"0.01339899999999982","-1.3780142354509188"
"0.01341599999999982","-1.3698763392217037"
"0.01343299999999982","-1.3506292218018485"
"0.01344999999999982","-1.3401407523042501"
"0.01346699999999982","-1.3466348424375043"
"0.013483999999999819","-1.3564191150516658"
"0.013500999999999819","-1.3655030909173074"
"0.013517999999999818","-1.379880805302198"
"0.013534999999999818","-1.3988959341412561"
"0.013551999999999818","-1.4060503425346609"
"0.013568999999999817","-1.3937897381959605"
"0.013585999999999817","-1.377237911976048"
"0.013602999999999817","-1.3714551185606316"
"0.013619999999999816","-1.3757271659473358"
"0.013636999999999816","-1.3998341721384497"
"0.013653999999999816","-1.4479378676395867"
"0.013670999999999815","-1.4918267328989634"
"0.013687999999999815","-1.5054546804643298"
"0.013704999999999815","-1.4939800411621824"
"0.013721999999999814","-1.477859608740195"
"0.013738999999999814","-1.4745715589277095"
"0.013755999999999814","-1.4675578938719203"
"0.013772999999999813","-1.4381542175398372"
"0.013789999999999813","-1.405560989027496"
"0.013806999999999812","-1.4019490058350284"
"0.013823999999999812","-1.4347481292493502"
"0.013840999999999812","-1.4788223074614173"
"0.013857999999999811","-1.497736021640351"
"0.013874999999999811","-1.4847903584141384"
"0.01389199999999981","-1.4502104487253316"
"0.01390899999999981","-1.405501981837064"
"0.01392599999999981","-1.3790997887928829"
"0.01394299999999981","-1.3877251837411797"
"0.01395999999999981","-1.413017422488139"
"0.013976999999999809","-1.4204790071213387"
"0.013993999999999809","-1.4099413214429315"
"0.014010999999999808","-1.4020864527344812"
"0.014027999999999808","-1.4065051977966943"
"0.014044999999999808","-1.4217393096670528"
"0.014061999999999807","-1.445023097109068"
"0.014078999999999807","-1.4591848297205832"
"0.014095999999999807","-1.4597567605380988"
"0.014112999999999806","-1.4761072509126756"
"0.014129999999999806","-1.520384321750525"
"0.014146999999999806","-1.5769490297051338"
"0.014163999999999805","-1.6126563779188663"
"0.014180999999999805","-1.6141041010427761"
"0.014197999999999805","-1.6131545232502877"
"0.014214999999999804","-1.6197295856360232"
"0.014231999999999804","-1.6055471477352035"
"0.014248999999999803","-1.565472157475578"
"0.014265999999999803","-1.5195845414502709"
"0.014282999999999803","-1.4726604045431253"
"0.014299999999999802","-1.432704352830494"
"0.014316999999999802","-1.416459509303284"
"0.014333999999999802","-1.4222619000586574"
"0.014350999999999801","-1.4356594697766722"
"0.014367999999999801","-1.451023402660518"
"0.0143849999999998","-1.4655117468676344"
"0.0144019999999998","-1.4680427166471182"
"0.0144189999999998","-1.4601041845306852"
"0.0144359999999998","-1.4510266065073856"
"0.0144529999999998","-1.4462947478001373"
"0.014469999999999799","-1.4473865332159979"
"0.014486999999999799","-1.434013776854275"
"0.014503999999999798","-1.403165819512024"
"0.014520999999999798","-1.3793741766011647"
"0.014537999999999798","-1.3766601326914574"
"0.014554999999999797","-1.3893478050452923"
"0.014571999999999797","-1.40615546025188"
"0.014588999999999797","-1.417398567498861"
"0.014605999999999796","-1.4309816836473623"
"0.014622999999999796","-1.4502925289584156"
"0.014639999999999796","-1.4483412153840618"
"0.014656999999999795","-1.4240949393920206"
"0.014673999999999795","-1.4088735973096125"
"0.014690999999999795","-1.4155395650089946"
"0.014707999999999794","-1.4332742953688595"
"0.014724999999999794","-1.4356382336264288"
"0.014741999999999793","-1.4215306943688433"
"0.014758999999999793","-1.4008181807263842"
"0.014775999999999793","-1.3714037817309896"
"0.014792999999999792","-1.3523494329483694"
"0.014809999999999792","-1.367987698887115"
"0.014826999999999792","-1.4158223943229407"
"0.014843999999999791","-1.4707447936553968"
"0.014860999999999791","-1.510323642847634"
"0.01487799999999979","-1.5172557874997428"
"0.01489499999999979","-1.4990575192816133"
"0.01491199999999979","-1.4943800258750115"
"0.01492899999999979","-1.5095126381427924"
"0.01494599999999979","-1.5214397646591877"
"0.014962999999999789","-1.5141834300728363"
"0.014979999999999789","-1.4847060288784195"
"0.014996999999999788","-1.4415341743272316"
"0.015013999999999788","-1.4072494382958445"
"0.015030999999999788","-1.395687520745911"
"0.015047999999999787","-1.4020291263735807"
"0.015064999999999787","-1.4103309850733792"
"0.015081999999999787","-1.4068599069112528"
"0.015098999999999786","-1.4001398585855798"
"0.015115999999999786","-1.411006430935001"
"0.015132999999999786","-1.439713301346951"
"0.015149999999999785","-1.4639216078158501"
"0.015166999999999785","-1.4723710611929646"
"0.015183999999999784","-1.4613076991885048"
"0.015200999999999784","-1.4259769708876602"
"0.015217999999999784","-1.384293203103047"
"0.015234999999999783","-1.3609236828860667"
"0.015251999999999783","-1.3570428561043213"
"0.015268999999999783","-1.362255050398513"
"0.015285999999999782","-1.3647508916620568"
"0.015302999999999782","-1.3517088254278642"
"0.015319999999999782","-1.3267174849070913"
"0.015336999999999781","-1.3020179064228214"
"0.015353999999999781","-1.2861565761646874"
"0.01537099999999978","-1.2860278860904066"
"0.01538799999999978","-1.3091251638395078"
"0.01540499999999978","-1.3446912210944209"
"0.01542199999999978","-1.3599816414936858"
"0.01543899999999978","-1.3437957083331664"
"0.015455999999999779","-1.327239846622433"
"0.015472999999999779","-1.333121670104124"
"0.015489999999999778","-1.3526503850894134"
"0.015506999999999778","-1.3726047730831636"
"0.015523999999999778","-1.3911338543021834"
"0.015540999999999777","-1.410720721615518"
"0.015557999999999777","-1.4377130606117234"
"0.015574999999999777","-1.4653907664416912"
"0.015591999999999776","-1.4668094213239768"
"0.015608999999999776","-1.4324454628661858"
"0.015625999999999775","-1.3887227143057068"
"0.015642999999999775","-1.369205216823377"
"0.015659999999999775","-1.3812661120904186"
"0.015676999999999774","-1.4064923463634056"
"0.015693999999999774","-1.4313947172712496"
"0.015710999999999774","-1.4550600891695766"
"0.015727999999999773","-1.4573208872880776"
"0.015744999999999773","-1.439460752504542"
"0.015761999999999773","-1.4295081978039743"
"0.015778999999999772","-1.4282157261622754"
"0.015795999999999772","-1.4307895905007433"
"0.01581299999999977","-1.4365648963224138"
"0.01582999999999977","-1.4413739560858605"
"0.01584699999999977","-1.440417212488624"
"0.01586399999999977","-1.4302924973038593"
"0.01588099999999977","-1.4135650008101839"
"0.01589799999999977","-1.4034193045598073"
"0.01591499999999977","-1.4033137928680768"
"0.01593199999999977","-1.4003127038799648"
"0.01594899999999977","-1.391360692847586"
"0.01596599999999977","-1.386377006098761"
"0.015982999999999768","-1.3944977774647416"
