"X-coordinate","Electric Potential"
"-0.08","391.93001407264506"
"-0.07984000000000001","393.2347713081849"
"-0.07968000000000001","394.6073007128853"
"-0.07952000000000002","396.0577383118832"
"-0.07936000000000003","397.5977988637759"
"-0.07920000000000003","399.2409991043603"
"-0.07904000000000004","401.0028939365203"
"-0.07888000000000005","402.9013123368524"
"-0.07872000000000005","404.95656736998785"
"-0.07856000000000006","407.1915928682243"
"-0.07840000000000007","409.631920500725"
"-0.07824000000000007","412.30534104865353"
"-0.07808000000000008","415.2409661649906"
"-0.07792000000000009","418.46717146045984"
"-0.07776000000000009","422.0074642847682"
"-0.0776000000000001","425.8725095394427"
"-0.0774400000000001","430.04508085638736"
"-0.07728000000000011","434.4522066589487"
"-0.07712000000000012","438.91510760304527"
"-0.07696000000000013","443.0641307494928"
"-0.07680000000000013","446.2097170546588"
"-0.07664000000000014","447.19038478831123"
"-0.07648000000000015","444.3013917509763"
"-0.07632000000000015","435.51746647142045"
"-0.07616000000000016","419.16459909457456"
"-0.07600000000000016","394.749598750786"
"-0.07584000000000017","363.2352240785502"
"-0.07568000000000018","326.4802662374842"
"-0.07552000000000018","286.4038612377176"
"-0.07536000000000019","244.48699391540427"
"-0.0752000000000002","201.68930903134768"
"-0.0750400000000002","158.56634541315714"
"-0.07488000000000021","115.4139493521783"
"-0.07472000000000022","72.37646138649403"
"-0.07456000000000022","29.5143623028288"
"-0.07440000000000023","-13.156753162041655"
"-0.07424000000000024","-55.6445172537469"
"-0.07408000000000024","-97.9679144050071"
"-0.07392000000000025","-140.1508021022708"
"-0.07376000000000026","-182.21839865513235"
"-0.07360000000000026","-224.1954144221516"
"-0.07344000000000027","-266.10510272957913"
"-0.07328000000000028","-307.9688292654674"
"-0.07312000000000028","-349.80593360256614"
"-0.07296000000000029","-391.633752912618"
"-0.0728000000000003","-433.46773222318905"
"-0.0726400000000003","-475.32157683189087"
"-0.07248000000000031","-517.2074208351222"
"-0.07232000000000031","-559.1359967207202"
"-0.07216000000000032","-601.116797587634"
"-0.07200000000000033","-643.1582276047404"
"-0.07184000000000033","-685.2677387655605"
"-0.07168000000000034","-727.4519534617177"
"-0.07152000000000035","-769.7167732581763"
"-0.07136000000000035","-812.0674747222963"
"-0.07120000000000036","-854.508793396326"
"-0.07104000000000037","-897.0449970813205"
"-0.07088000000000037","-939.6799496068966"
"-0.07072000000000038","-982.4171661931289"
"-0.07056000000000039","-1025.2598614434778"
"-0.07040000000000039","-1068.2109908971602"
"-0.0702400000000004","-1111.2732869825966"
"-0.0700800000000004","-1154.4492901104363"
"-0.06992000000000041","-1197.7413755631578"
"-0.06976000000000042","-1241.1517767464165"
"-0.06960000000000043","-1284.6826053024722"
"-0.06944000000000043","-1328.3358685147725"
"-0.06928000000000044","-1372.1134843756063"
"-0.06912000000000044","-1416.0172946406196"
"-0.06896000000000045","-1460.0490761460717"
"-0.06880000000000046","-1504.2105506287103"
"-0.06864000000000046","-1548.5033932526526"
"-0.06848000000000047","-1592.9292400253808"
"-0.06832000000000048","-1637.4896942468258"
"-0.06816000000000048","-1682.18633213103"
"-0.06800000000000049","-1727.0207077090377"
"-0.0678400000000005","-1771.9943571099714"
"-0.0676800000000005","-1817.1088023062107"
"-0.06752000000000051","-1862.3655543933685"
"-0.06736000000000052","-1907.7661164672554"
"-0.06720000000000052","-1953.311986150783"
"-0.06704000000000053","-1999.0046578208596"
"-0.06688000000000054","-2044.8456245692564"
"-0.06672000000000054","-2090.836379937175"
"-0.06656000000000055","-2136.978419451372"
"-0.06640000000000056","-2183.273241987212"
"-0.06624000000000056","-2229.7223509828177"
"-0.06608000000000057","-2276.327255521998"
"-0.06592000000000058","-2323.0894713044195"
"-0.06576000000000058","-2370.0105215170997"
"-0.06560000000000059","-2417.091937619009"
"-0.0654400000000006","-2464.3352600528456"
"-0.0652800000000006","-2511.742038889255"
"-0.06512000000000061","-2559.3138344176596"
"-0.06496000000000061","-2607.052217684327"
"-0.06480000000000062","-2654.9587709916796"
"-0.06464000000000063","-2703.03508835672"
"-0.06448000000000063","-2751.282775940567"
"-0.06432000000000064","-2799.703452449155"
"-0.06416000000000065","-2848.2987495090274"
"-0.06400000000000065","-2897.0703120247063"
"-0.06384000000000066","-2946.01979851648"
"-0.06368000000000067","-2995.1488814447416"
"-0.06352000000000067","-3044.4592475213467"
"-0.06336000000000068","-3093.9525980086346"
"-0.06320000000000069","-3143.630649012484"
"-0.06304000000000069","-3193.4951317660048"
"-0.0628800000000007","-3243.547792907201"
"-0.0627200000000007","-3293.790394753343"
"-0.06256000000000071","-3344.224715571303"
"-0.06240000000000071","-3394.852549844312"
"-0.06224000000000071","-3445.675708537914"
"-0.06208000000000071","-3496.6960193648933"
"-0.06192000000000071","-3547.915327049988"
"-0.06176000000000071","-3599.335493594671"
"-0.06160000000000071","-3650.9583985429363"
"-0.06144000000000071","-3702.785939249198"
"-0.06128000000000071","-3754.8200311467563"
"-0.06112000000000071","-3807.06260801986"
"-0.06096000000000071","-3859.5156222778396"
"-0.06080000000000071","-3912.181045232576"
"-0.06064000000000071","-3965.0608673789347"
"-0.06048000000000071","-4018.1570986795973"
"-0.060320000000000706","-4071.471768852221"
"-0.060160000000000706","-4125.006927663428"
"-0.060000000000000706","-4178.764645224668"
"-0.059840000000000705","-4232.747012293869"
"-0.059680000000000705","-4286.956140582105"
"-0.059520000000000704","-4341.394163064704"
"-0.059360000000000704","-4396.0632342983445"
"-0.0592000000000007","-4450.965530742737"
"-0.0590400000000007","-4506.103251088944"
"-0.0588800000000007","-4561.478616592703"
"-0.0587200000000007","-4617.093871413743"
"-0.0585600000000007","-4672.951282962018"
"-0.0584000000000007","-4729.0531422495615"
"-0.0582400000000007","-4785.4017642488225"
"-0.0580800000000007","-4841.99948825827"
"-0.0579200000000007","-4898.84867827405"
"-0.0577600000000007","-4955.951723369852"
"-0.0576000000000007","-5013.311038082422"
"-0.0574400000000007","-5070.9290628050385"
"-0.0572800000000007","-5128.80826418979"
"-0.0571200000000007","-5186.951135555895"
"-0.0569600000000007","-5245.36019730588"
"-0.0568000000000007","-5304.037997352113"
"-0.0566400000000007","-5362.9871115488295"
"-0.056480000000000696","-5422.210144133822"
"-0.056320000000000696","-5481.709728180458"
"-0.056160000000000695","-5541.488526054997"
"-0.056000000000000695","-5601.549229886919"
"-0.055840000000000695","-5661.894562045799"
"-0.055680000000000694","-5722.527275629397"
"-0.055520000000000694","-5783.450154960261"
"-0.05536000000000069","-5844.666016094094"
"-0.05520000000000069","-5906.177707336963"
"-0.05504000000000069","-5967.988109773423"
"-0.05488000000000069","-6030.100137805666"
"-0.05472000000000069","-6092.516739704648"
"-0.05456000000000069","-6155.240898170083"
"-0.05440000000000069","-6218.275630905365"
"-0.05424000000000069","-6281.623991202148"
"-0.05408000000000069","-6345.289068537736"
"-0.05392000000000069","-6409.273989185541"
"-0.05376000000000069","-6473.58191683869"
"-0.05360000000000069","-6538.216053245587"
"-0.05344000000000069","-6603.179638860774"
"-0.05328000000000069","-6668.475953508756"
"-0.05312000000000069","-6734.108317061639"
"-0.05296000000000069","-6800.080090134052"
"-0.05280000000000069","-6866.394674790194"
"-0.052640000000000686","-6933.055515268179"
"-0.052480000000000686","-7000.066098719852"
"-0.052320000000000685","-7067.429955967624"
"-0.052160000000000685","-7135.150662277553"
"-0.052000000000000685","-7203.231838149788"
"-0.051840000000000684","-7271.677150127844"
"-0.051680000000000684","-7340.490311624831"
"-0.05152000000000068","-7409.675083769703"
"-0.05136000000000068","-7479.235276272546"
"-0.05120000000000068","-7549.1747483100135"
"-0.05104000000000068","-7619.49740943126"
"-0.05088000000000068","-7690.207220484848"
"-0.05072000000000068","-7761.30819456769"
"-0.05056000000000068","-7832.804397996739"
"-0.05040000000000068","-7904.699951303515"
"-0.05024000000000068","-7976.9990302525375"
"-0.05008000000000068","-8049.70586688397"
"-0.04992000000000068","-8122.824750582123"
"-0.04976000000000068","-8196.360029170224"
"-0.04960000000000068","-8270.316110030408"
"-0.04944000000000068","-8344.69746125435"
"-0.04928000000000068","-8419.508612819443"
"-0.04912000000000068","-8494.754157796613"
"-0.04896000000000068","-8570.438753587547"
"-0.048800000000000676","-8646.567123192854"
"-0.048640000000000676","-8723.14405651441"
"-0.048480000000000675","-8800.174411689932"
"-0.048320000000000675","-8877.663116460428"
"-0.048160000000000674","-8955.61516957749"
"-0.048000000000000674","-9034.03564224319"
"-0.047840000000000674","-9112.929679590528"
"-0.04768000000000067","-9192.302502202227"
"-0.04752000000000067","-9272.159407670626"
"-0.04736000000000067","-9352.505772198805"
"-0.04720000000000067","-9433.347052246469"
"-0.04704000000000067","-9514.688786219118"
"-0.04688000000000067","-9596.536596205495"
"-0.04672000000000067","-9678.896189761563"
"-0.04656000000000067","-9761.77336174512"
"-0.04640000000000067","-9845.17399620175"
"-0.04624000000000067","-9929.104068304294"
"-0.04608000000000067","-10013.569646347309"
"-0.04592000000000067","-10098.576893799041"
"-0.04576000000000067","-10184.132071412643"
"-0.04560000000000067","-10270.241539398772"
"-0.04544000000000067","-10356.911759662626"
"-0.04528000000000067","-10444.14929810621"
"-0.045120000000000667","-10531.960826999832"
"-0.044960000000000666","-10620.35312742476"
"-0.044800000000000666","-10709.333091789174"
"-0.044640000000000665","-10798.90772642229"
"-0.044480000000000665","-10889.084154246075"
"-0.044320000000000664","-10979.869617531633"
"-0.044160000000000664","-11071.271480740614"
"-0.044000000000000664","-11163.297233455964"
"-0.04384000000000066","-11255.954493406412"
"-0.04368000000000066","-11349.251009586033"
"-0.04352000000000066","-11443.194665476385"
"-0.04336000000000066","-11537.79348237181"
"-0.04320000000000066","-11633.055622812964"
"-0.04304000000000066","-11728.989394136346"
"-0.04288000000000066","-11825.603252139234"
"-0.04272000000000066","-11922.9058048686"
"-0.04256000000000066","-12020.90581653841"
"-0.04240000000000066","-12119.612211580376"
"-0.04224000000000066","-12219.034078833884"
"-0.04208000000000066","-12319.180675881344"
"-0.04192000000000066","-12420.061433535537"
"-0.04176000000000066","-12521.685960484092"
"-0.04160000000000066","-12624.064048101744"
"-0.04144000000000066","-12727.205675431987"
"-0.041280000000000656","-12831.12101435213"
"-0.041120000000000656","-12935.820434924563"
"-0.040960000000000656","-13041.314510947584"
"-0.040800000000000655","-13147.614025710156"
"-0.040640000000000655","-13254.729977963689"
"-0.040480000000000654","-13362.673588119716"
"-0.040320000000000654","-13471.456304684838"
"-0.040160000000000654","-13581.089810941132"
"-0.04000000000000065","-13691.586031888379"
"-0.03984000000000065","-13802.957141458943"
"-0.03968000000000065","-13915.215570014941"
"-0.03952000000000065","-14028.374012149103"
"-0.03936000000000065","-14142.445434797288"
"-0.03920000000000065","-14257.443085681027"
"-0.03904000000000065","-14373.380502098194"
"-0.03888000000000065","-14490.2715200775"
"-0.03872000000000065","-14608.130283915365"
"-0.03856000000000065","-14726.971256115545"
"-0.03840000000000065","-14846.809227753925"
"-0.03824000000000065","-14967.659329287852"
"-0.03808000000000065","-15089.537041835398"
"-0.03792000000000065","-15212.458208950986"
"-0.03776000000000065","-15336.439048919972"
"-0.03760000000000065","-15461.49616760628"
"-0.037440000000000646","-15587.646571877296"
"-0.037280000000000646","-15714.907683642943"
"-0.037120000000000646","-15843.297354541408"
"-0.036960000000000645","-15972.833881306222"
"-0.036800000000000645","-16103.536021857095"
"-0.036640000000000644","-16235.42301215312"
"-0.036480000000000644","-16368.514583853801"
"-0.03632000000000064","-16502.830982835163"
"-0.03616000000000064","-16638.39298861049"
"-0.03600000000000064","-16775.221934710982"
"-0.03584000000000064","-16913.33973008147"
"-0.03568000000000064","-17052.76888155776"
"-0.03552000000000064","-17193.53251748439"
"-0.03536000000000064","-17335.654412550215"
"-0.03520000000000064","-17479.15901391362"
"-0.03504000000000064","-17624.07146870006"
"-0.03488000000000064","-17770.41765295778"
"-0.03472000000000064","-17918.22420216629"
"-0.03456000000000064","-18067.518543399536"
"-0.03440000000000064","-18218.32892924608"
"-0.03424000000000064","-18370.684473609377"
"-0.03408000000000064","-18524.61518950832"
"-0.03392000000000064","-18680.152029013032"
"-0.03376000000000064","-18837.32692546171"
"-0.033600000000000636","-18996.172838115577"
"-0.033440000000000636","-19156.7237994163"
"-0.033280000000000635","-19319.01496502912"
"-0.033120000000000635","-19483.082666872142"
"-0.032960000000000635","-19648.96446933479"
"-0.032800000000000634","-19816.699228921763"
"-0.032640000000000634","-19986.327157565724"
"-0.03248000000000063","-20157.8898898773"
"-0.03232000000000063","-20331.430554624785"
"-0.03216000000000063","-20506.99385075241"
"-0.03200000000000063","-20684.62612828248"
"-0.03184000000000063","-20864.37547446676"
"-0.03168000000000063","-21046.291805590652"
"-0.03152000000000063","-21230.426964858554"
"-0.03136000000000063","-21416.834826840284"
"-0.03120000000000063","-21605.57140898286"
"-0.03104000000000063","-21796.69499074717"
"-0.03088000000000063","-21990.26624097377"
"-0.03072000000000063","-22186.348354131784"
"-0.03056000000000063","-22385.007196167076"
"-0.030400000000000628","-22586.311460722838"
"-0.030240000000000627","-22790.33283657247"
"-0.030080000000000627","-22997.146187182083"
"-0.029920000000000627","-23206.829743388917"
"-0.029760000000000626","-23419.4653102754"
"-0.029600000000000626","-23635.13848939943"
"-0.029440000000000625","-23853.93891763986"
"-0.029280000000000625","-24075.960524015747"
"-0.029120000000000625","-24301.301805941697"
"-0.028960000000000624","-24530.066126490463"
"-0.028800000000000624","-24762.3620343382"
"-0.028640000000000623","-24998.30360817976"
"-0.028480000000000623","-25238.0108275035"
"-0.028320000000000622","-25481.6099716972"
"-0.028160000000000622","-25729.234049544262"
"-0.02800000000000062","-25981.023261197057"
"-0.02784000000000062","-26237.12549472275"
"-0.02768000000000062","-26497.696859257296"
"-0.02752000000000062","-26762.902256642396"
"-0.02736000000000062","-27032.91599315115"
"-0.02720000000000062","-27307.922432461564"
"-0.02704000000000062","-27588.116690349678"
"-0.02688000000000062","-27873.705370569915"
"-0.026720000000000618","-28164.907339947837"
"-0.026560000000000618","-28461.95453867067"
"-0.026400000000000617","-28765.09281891867"
"-0.026240000000000617","-29074.582801046407"
"-0.026080000000000617","-29390.70073112239"
"-0.025920000000000616","-29713.739316235646"
"-0.025760000000000616","-30044.008503891826"
"-0.025600000000000615","-30381.83615810249"
"-0.025440000000000615","-30727.568566101752"
"-0.025280000000000614","-31081.570684315793"
"-0.025120000000000614","-31444.22599784832"
"-0.024960000000000614","-31815.935821196224"
"-0.024800000000000613","-32197.117804847072"
"-0.024640000000000613","-32588.203327155188"
"-0.024480000000000612","-32989.63333582901"
"-0.024320000000000612","-33401.85204864949"
"-0.02416000000000061","-33825.297716065914"
"-0.02400000000000061","-34260.389373727325"
"-0.02384000000000061","-34707.508153033836"
"-0.02368000000000061","-35166.97125465391"
"-0.02352000000000061","-35638.99611091065"
"-0.02336000000000061","-36123.65157188366"
"-0.02320000000000061","-36620.79218995645"
"-0.02304000000000061","-37129.970971518625"
"-0.022880000000000608","-37650.325586012885"
"-0.022720000000000608","-38180.433503296445"
"-0.022560000000000607","-38718.13380357049"
"-0.022400000000000607","-39260.31893919531"
"-0.022240000000000607","-39802.71052975858"
"-0.022080000000000606","-40339.65149621935"
"-0.021920000000000606","-40863.97361786539"
"-0.021760000000000605","-41367.032249025055"
"-0.021600000000000605","-41839.02552978542"
"-0.021440000000000604","-42269.69987250594"
"-0.021280000000000604","-42649.43535053096"
"-0.021120000000000604","-42970.50576535057"
"-0.020960000000000603","-43228.17319311036"
"-0.020800000000000603","-43421.36658311042"
"-0.020640000000000602","-43552.832866697434"
"-0.020480000000000602","-43628.61555005905"
"-0.0203200000000006","-43656.84934900457"
"-0.0201600000000006","-43646.32303756687"
"-0.0200000000000006","-43605.39292018012"
"-0.0198400000000006","-43541.42143488829"
"-0.0196800000000006","-43460.58124551005"
"-0.0195200000000006","-43367.85399551705"
"-0.0193600000000006","-43267.13551915956"
"-0.0192000000000006","-43161.39684489913"
"-0.019040000000000598","-43052.861462674846"
"-0.018880000000000598","-42943.17129357328"
"-0.018720000000000597","-42833.52748786649"
"-0.018560000000000597","-42724.802599520364"
"-0.018400000000000596","-42617.62644757107"
"-0.018240000000000596","-42512.45021599098"
"-0.018080000000000596","-42409.59361015978"
"-0.017920000000000595","-42309.27929070844"
"-0.017760000000000595","-42211.65796054944"
"-0.017600000000000594","-42116.82667086073"
"-0.017440000000000594","-42024.842237482546"
"-0.017280000000000593","-41935.73113657263"
"-0.017120000000000593","-41849.49685963672"
"-0.016960000000000593","-41766.12542620142"
"-0.016800000000000592","-41685.58955123531"
"-0.016640000000000592","-41607.851822159246"
"-0.01648000000000059","-41532.867140070775"
"-0.01632000000000059","-41460.58460924766"
"-0.01616000000000059","-41390.949009119024"
"-0.01600000000000059","-41323.901947471895"
"-0.01584000000000059","-41259.38276827402"
"-0.01568000000000059","-41197.32926917799"
"-0.015520000000000589","-41137.67827039255"
"-0.015360000000000588","-41080.36606676964"
"-0.015200000000000588","-41025.32878762599"
"-0.015040000000000588","-40972.5026833225"
"-0.014880000000000587","-40921.824353467186"
"-0.014720000000000587","-40873.23092841671"
"-0.014560000000000586","-40826.66021331668"
"-0.014400000000000586","-40782.05080200742"
"-0.014240000000000586","-40739.342166658455"
"-0.014080000000000585","-40698.474727813234"
"-0.013920000000000585","-40659.389908620215"
"-0.013760000000000584","-40622.03017628799"
"-0.013600000000000584","-40586.33907321708"
"-0.013440000000000583","-40552.26123980624"
"-0.013280000000000583","-40519.74243053113"
"-0.013120000000000583","-40488.72952461305"
"-0.012960000000000582","-40459.17053233003"
"-0.012800000000000582","-40431.01459782944"
"-0.012640000000000581","-40404.21199913463"
"-0.012480000000000581","-40378.71414590435"
"-0.01232000000000058","-40354.47357539243"
"-0.01216000000000058","-40331.4439469674"
"-0.01200000000000058","-40309.58003547709"
"-0.01184000000000058","-40288.83772367909"
"-0.011680000000000579","-40269.1739939166"
"-0.011520000000000578","-40250.54691916997"
"-0.011360000000000578","-40232.9156535898"
"-0.011200000000000578","-40216.2404225846"
"-0.011040000000000577","-40200.48251251953"
"-0.010880000000000577","-40185.60426006431"
"-0.010720000000000576","-40171.56904121349"
"-0.010560000000000576","-40158.34125999636"
"-0.010400000000000575","-40145.88633688548"
"-0.010240000000000575","-40134.170696900335"
"-0.010080000000000575","-40123.16175741272"
"-0.009920000000000574","-40112.82791564473"
"-0.009760000000000574","-40103.1385358545"
"-0.009600000000000573","-40094.06393620984"
"-0.009440000000000573","-40085.57537534093"
"-0.009280000000000573","-40077.6450385709"
"-0.009120000000000572","-40070.24602382171"
"-0.008960000000000572","-40063.35232719905"
"-0.008800000000000571","-40056.938828255865"
"-0.00864000000000057","-40050.981274939244"
"-0.00848000000000057","-40045.45626823119"
"-0.00832000000000057","-40040.341246491786"
"-0.00816000000000057","-40035.6144695144"
"-0.00800000000000057","-40031.25500231346"
"-0.007840000000000569","-40027.2426986521"
"-0.007680000000000568","-40023.558184339825"
"-0.007520000000000568","-40020.182840310146"
"-0.0073600000000005675","-40017.09878550842"
"-0.007200000000000567","-40014.28885960561"
"-0.007040000000000567","-40011.73660557342"
"-0.006880000000000566","-40009.42625213431"
"-0.006720000000000566","-40007.342696124615"
"-0.006560000000000565","-40005.471484792004"
"-0.006400000000000565","-40003.79879805393"
"-0.0062400000000005645","-40002.31143075573"
"-0.006080000000000564","-40000.99677494085"
"-0.005920000000000564","-39999.842802180196"
"-0.005760000000000563","-39998.838045973054"
"-0.005600000000000563","-39997.97158425818"
"-0.0054400000000005624","-39997.23302206083"
"-0.005280000000000562","-39996.61247429833"
"-0.005120000000000562","-39996.10054878092"
"-0.004960000000000561","-39995.68832942276"
"-0.004800000000000561","-39995.36735969922"
"-0.00464000000000056","-39995.1296263667"
"-0.00448000000000056","-39994.9675434773"
"-0.0043200000000005595","-39994.87393670106"
"-0.004160000000000559","-39994.84202799172"
"-0.004000000000000559","-39994.865420603506"
"-0.0038400000000005587","-39994.938084490226"
"-0.0036800000000005587","-39995.05434209825"
"-0.0035200000000005587","-39995.208854581346"
"-0.0033600000000005587","-39995.39660844255"
"-0.0032000000000005587","-39995.612902633526"
"-0.0030400000000005587","-39995.85333611587"
"-0.0028800000000005588","-39996.11379590912"
"-0.0027200000000005588","-39996.39044563088"
"-0.002560000000000559","-39996.67971455012"
"-0.002400000000000559","-39996.97828715997"
"-0.002240000000000559","-39997.28309328748"
"-0.002080000000000559","-39997.59129874762"
"-0.0019200000000005588","-39997.900296550484"
"-0.0017600000000005589","-39998.20769867744"
"-0.0016000000000005589","-39998.51132842874"
"-0.0014400000000005589","-39998.809213352215"
"-0.001280000000000559","-39999.099578764115"
"-0.001120000000000559","-39999.38084186156"
"-9.600000000005589E-4","-39999.65160644319"
"-8.000000000005589E-4","-39999.91065822925"
"-6.40000000000559E-4","-40000.15696080086"
"-4.8000000000055897E-4","-40000.38965215272"
"-3.20000000000559E-4","-40000.6080418637"
"-1.6000000000055897E-4","-40000.81160889311"
"-5.589604300249018E-16","-40000.9999999998"
"1.5999999999944105E-4","-40001.173028789664"
"3.1999999999944107E-4","-40001.330675386744"
"4.7999999999944105E-4","-40001.47308673782"
"6.39999999999441E-4","-40001.60057753958"
"7.99999999999441E-4","-40001.71363179577"
"9.59999999999441E-4","-40001.812904998915"
"0.001119999999999441","-40001.8992269346"
"0.001279999999999441","-40001.973605108986"
"0.001439999999999441","-40002.0372287918"
"0.001599999999999441","-40002.091473672815"
"0.001759999999999441","-40002.137907129276"
"0.001919999999999441","-40002.178294095844"
"0.0020799999999994412","-40002.21460353258"
"0.0022399999999994412","-40002.24901548506"
"0.002399999999999441","-40002.28392872757"
"0.002559999999999441","-40002.321968984164"
"0.002719999999999441","-40002.36599771614"
"0.002879999999999441","-40002.41912146794"
"0.003039999999999441","-40002.48470176069"
"0.003199999999999441","-40002.566365523824"
"0.003359999999999441","-40002.6680160513"
"0.003519999999999441","-40002.793844470165"
"0.003679999999999441","-40002.94834171003"
"0.003839999999999441","-40003.136310956375"
"0.0039999999999994415","-40003.36288057337"
"0.004159999999999442","-40003.633517483344"
"0.004319999999999442","-40003.9540409819"
"0.004479999999999443","-40004.33063697252"
"0.004639999999999443","-40004.76987260212"
"0.004799999999999444","-40005.27871128035"
"0.004959999999999444","-40005.86452805619"
"0.0051199999999994444","-40006.53512533915"
"0.005279999999999445","-40007.29874893366"
"0.005439999999999445","-40008.16410437243"
"0.005599999999999446","-40009.14037351827"
"0.005759999999999446","-40010.23723141479"
"0.0059199999999994465","-40011.46486335675"
"0.006079999999999447","-40012.833982159915"
"0.006239999999999447","-40014.35584559615"
"0.006399999999999448","-40016.04227397706"
"0.006559999999999448","-40017.90566785005"
"0.006719999999999449","-40019.95902578524"
"0.006879999999999449","-40022.2159622246"
"0.0070399999999994495","-40024.69072536641"
"0.00719999999999945","-40027.39821505597"
"0.00735999999999945","-40030.354000660314"
"0.007519999999999451","-40033.57433889778"
"0.007679999999999451","-40037.076191596876"
"0.007839999999999452","-40040.87724336613"
"0.007999999999999452","-40044.99591914133"
"0.008159999999999452","-40049.45140160169"
"0.008319999999999453","-40054.263648422595"
"0.008479999999999453","-40059.45340935625"
"0.008639999999999454","-40065.042243117074"
"0.008799999999999454","-40071.05253406456"
"0.008959999999999455","-40077.50750866221"
"0.009119999999999455","-40084.43125171464"
"0.009279999999999455","-40091.84872236462"
"0.009439999999999456","-40099.78576985293"
"0.009599999999999456","-40108.26914903594"
"0.009759999999999457","-40117.32653565954"
"0.009919999999999457","-40126.98654139479"
"0.010079999999999457","-40137.27872863577"
"0.010239999999999458","-40148.23362506761"
"0.010399999999999458","-40159.88273800894"
"0.010559999999999459","-40172.258568536505"
"0.010719999999999459","-40185.39462539659"
"0.01087999999999946","-40199.32543870589"
"0.01103999999999946","-40214.08657344613"
"0.01119999999999946","-40229.71464274271"
"0.01135999999999946","-40246.24732092074"
"0.011519999999999461","-40263.723356316805"
"0.011679999999999462","-40282.182583809794"
"0.011839999999999462","-40301.6659370329"
"0.011999999999999462","-40322.21546018762"
"0.012159999999999463","-40343.87431937823"
"0.012319999999999463","-40366.68681333989"
"0.012479999999999464","-40390.69838340712"
"0.012639999999999464","-40415.95562251918"
"0.012799999999999465","-40442.506283009025"
"0.012959999999999465","-40470.3992828579"
"0.013119999999999465","-40499.684710020905"
"0.013279999999999466","-40530.413824334566"
"0.013439999999999466","-40562.639056408756"
"0.013599999999999467","-40596.41400277026"
"0.013759999999999467","-40631.79341637107"
"0.013919999999999468","-40668.8331913707"
"0.014079999999999468","-40707.59034088323"
"0.014239999999999468","-40748.12296609405"
"0.014399999999999469","-40790.49021480429"
"0.01455999999999947","-40834.752227061355"
"0.01471999999999947","-40880.97006500858"
"0.01487999999999947","-40929.20562346846"
"0.01503999999999947","-40979.521516987545"
"0.015199999999999471","-41031.98093808862"
"0.015359999999999471","-41086.64748024457"
"0.015519999999999472","-41143.584917489265"
"0.015679999999999472","-41202.856930557056"
"0.015839999999999473","-41264.52676678035"
"0.015999999999999473","-41328.656817489195"
"0.016159999999999473","-41395.30809203636"
"0.016319999999999474","-41464.539561384714"
"0.016479999999999474","-41536.40733584876"
"0.016639999999999475","-41610.963630244594"
"0.016799999999999475","-41688.25545418848"
"0.016959999999999475","-41768.32294395206"
"0.017119999999999476","-41851.197222840485"
"0.017279999999999476","-41936.89763630556"
"0.017439999999999477","-42025.42815159781"
"0.017599999999999477","-42116.77263379978"
"0.017759999999999478","-42210.88860290577"
"0.017919999999999478","-42307.69893049133"
"0.01807999999999948","-42407.080738220895"
"0.01823999999999948","-42508.85050219695"
"0.01839999999999948","-42612.744038277924"
"0.01855999999999948","-42718.38964424279"
"0.01871999999999948","-42825.27222560975"
"0.01887999999999948","-42932.68579091562"
"0.01903999999999948","-43039.67139114203"
"0.01919999999999948","-43144.9376253422"
"0.019359999999999482","-43246.76165042851"
"0.019519999999999482","-43342.87091651162"
"0.019679999999999483","-43430.31058481831"
"0.019839999999999483","-43505.30939903157"
"0.019999999999999483","-43563.166098099864"
"0.020159999999999484","-43598.18480922169"
"0.020319999999999484","-43603.69270840549"
"0.020479999999999485","-43572.20003646969"
"0.020639999999999485","-43495.82580846319"
"0.020799999999999486","-43367.108715223214"
"0.020959999999999486","-43180.100128835766"
"0.021119999999999486","-42931.39419040684"
"0.021279999999999487","-42620.83586554672"
"0.021439999999999487","-42251.797278194994"
"0.021599999999999488","-41830.87722669842"
"0.021759999999999488","-41366.999530417204"
"0.02191999999999949","-40870.176946761465"
"0.02207999999999949","-40350.32610482579"
"0.02223999999999949","-39816.40349789928"
"0.02239999999999949","-39275.942343515206"
"0.02255999999999949","-38734.928870738644"
"0.02271999999999949","-38197.899606711864"
"0.02287999999999949","-37668.14776564193"
"0.02303999999999949","-37147.9604006524"
"0.023199999999999492","-36638.842418503045"
"0.023359999999999492","-36141.70837592437"
"0.023519999999999493","-35657.037514540185"
"0.023679999999999493","-35184.99460664415"
"0.023839999999999494","-34725.521894169244"
"0.023999999999999494","-34278.40785084332"
"0.024159999999999494","-33843.33795145019"
"0.024319999999999495","-33419.931757903905"
"0.024479999999999495","-33007.769741462915"
"0.024639999999999496","-32606.41247886574"
"0.024799999999999496","-32215.414221606337"
"0.024959999999999496","-31834.33233636502"
"0.025119999999999497","-31462.733730648037"
"0.025279999999999497","-31100.19908795968"
"0.025439999999999498","-30746.32552033089"
"0.025599999999999498","-30400.728085238698"
"0.0257599999999995","-30063.040494991867"
"0.0259199999999995","-29732.915258847603"
"0.0260799999999995","-29410.023433429993"
"0.0262399999999995","-29094.05410932991"
"0.0263999999999995","-28784.71372670513"
"0.0265599999999995","-28481.725286857672"
"0.0267199999999995","-28184.827507793954"
"0.0268799999999995","-27893.773957809248"
"0.027039999999999502","-27608.332190907375"
"0.027199999999999502","-27328.282900365753"
"0.027359999999999503","-27053.419101287436"
"0.027519999999999503","-26783.54534900635"
"0.027679999999999504","-26518.47699733951"
"0.027839999999999504","-26258.039498631828"
"0.027999999999999504","-26002.067746074947"
"0.028159999999999505","-25750.405457788696"
"0.028319999999999505","-25502.90460145252"
"0.028479999999999506","-25259.424857841626"
"0.028639999999999506","-25019.833121340773"
"0.028799999999999507","-24784.00303536724"
"0.028959999999999507","-24551.814560567684"
"0.029119999999999507","-24323.15357366576"
"0.029279999999999508","-24097.911494877997"
"0.029439999999999508","-23875.984941892064"
"0.02959999999999951","-23657.275408497353"
"0.02975999999999951","-23441.688966061793"
"0.02991999999999951","-23229.1359861557"
"0.03007999999999951","-23019.530882739335"
"0.03023999999999951","-22812.79187243369"
"0.03039999999999951","-22608.84075150539"
"0.03055999999999951","-22407.60268829585"
"0.03071999999999951","-22209.00602992184"
"0.030879999999999512","-22012.982122160633"
"0.031039999999999512","-21819.465141524917"
"0.031199999999999513","-21628.391938604458"
"0.03135999999999951","-21439.70189182842"
"0.031519999999999514","-21253.33677086692"
"0.031679999999999514","-21069.240608956807"
"0.031839999999999515","-20887.359583487483"
"0.031999999999999515","-20707.641904242028"
"0.032159999999999515","-20530.037708734242"
"0.032319999999999516","-20354.498964123504"
"0.032479999999999516","-20180.979375239604"
"0.03263999999999952","-20009.43429827391"
"0.03279999999999952","-19839.82065974089"
"0.03295999999999952","-19672.096880335608"
"0.03311999999999952","-19506.222803346765"
"0.03327999999999952","-19342.159627308145"
"0.03343999999999952","-19179.869842602453"
"0.03359999999999952","-19019.31717174073"
"0.03375999999999952","-18860.46651307629"
"0.03391999999999952","-18703.283887719317"
"0.03407999999999952","-18547.736389441347"
"0.03423999999999952","-18393.792137371747"
"0.03439999999999952","-18241.420231304928"
"0.03455999999999952","-18090.590709450662"
"0.03471999999999952","-17941.27450846823"
"0.03487999999999952","-17793.443425640824"
"0.03503999999999952","-17647.07008305606"
"0.03519999999999952","-17502.127893666173"
"0.035359999999999524","-17358.59102911278"
"0.035519999999999524","-17216.43438920577"
"0.035679999999999525","-17075.63357295872"
"0.035839999999999525","-16936.164851084493"
"0.035999999999999525","-16798.00513986551"
"0.036159999999999526","-16661.131976316443"
"0.036319999999999526","-16525.523494562556"
"0.03647999999999953","-16391.15840336476"
"0.03663999999999953","-16258.01596472515"
"0.03679999999999953","-16126.075973507579"
"0.03695999999999953","-15995.318738022424"
"0.03711999999999953","-15865.725061513684"
"0.03727999999999953","-15737.276224504265"
"0.03743999999999953","-15609.953967947802"
"0.03759999999999953","-15483.740477145866"
"0.03775999999999953","-15358.618366387125"
"0.03791999999999953","-15234.570664269488"
"0.03807999999999953","-15111.580799670033"
"0.03823999999999953","-14989.632588327302"
"0.03839999999999953","-14868.710220004134"
"0.03855999999999953","-14748.798246200113"
"0.03871999999999953","-14629.881568386525"
"0.03887999999999953","-14511.945426736936"
"0.03903999999999953","-14394.975389326168"
"0.039199999999999534","-14278.957341775807"
"0.039359999999999534","-14163.877477324493"
"0.039519999999999535","-14049.722287300832"
"0.039679999999999535","-13936.478551977847"
"0.039839999999999536","-13824.133331793662"
"0.039999999999999536","-13712.673958917492"
"0.040159999999999536","-13602.088029147171"
"0.04031999999999954","-13492.36339411859"
"0.04047999999999954","-13383.488153817523"
"0.04063999999999954","-13275.45064937436"
"0.04079999999999954","-13168.23945613227"
"0.04095999999999954","-13061.84337697486"
"0.04111999999999954","-12956.251435901157"
"0.04127999999999954","-12851.452871837488"
"0.04143999999999954","-12747.43713267488"
"0.04159999999999954","-12644.193869521434"
"0.04175999999999954","-12541.712931163014"
"0.04191999999999954","-12439.984358718375"
"0.04207999999999954","-12338.99838048451"
"0.04223999999999954","-12238.745406961494"
"0.04239999999999954","-12139.21602605046"
"0.04255999999999954","-12040.400998415407"
"0.04271999999999954","-11942.291253005289"
"0.042879999999999543","-11844.877882726047"
"0.043039999999999544","-11748.15214025788"
"0.043199999999999544","-11652.105434012426"
"0.043359999999999545","-11556.72932422295"
"0.043519999999999545","-11462.015519163046"
"0.043679999999999546","-11367.955871487127"
"0.043839999999999546","-11274.542374690223"
"0.043999999999999546","-11181.76715967984"
"0.04415999999999955","-11089.622491456566"
"0.04431999999999955","-10998.100765901112"
"0.04447999999999955","-10907.194506658101"
"0.04463999999999955","-10816.896362120096"
"0.04479999999999955","-10727.19910250169"
"0.04495999999999955","-10638.09561700422"
"0.04511999999999955","-10549.578911066188"
"0.04527999999999955","-10461.642103695855"
"0.04543999999999955","-10374.27842488362"
"0.04559999999999955","-10287.481213090869"
"0.04575999999999955","-10201.243912813605"
"0.04591999999999955","-10115.560072215247"
"0.04607999999999955","-10030.423340829559"
"0.04623999999999955","-9945.82746732877"
"0.04639999999999955","-9861.766297356116"
"0.04655999999999955","-9778.233771418452"
"0.046719999999999554","-9695.223922839852"
"0.046879999999999554","-9612.730875771229"
"0.047039999999999554","-9530.748843254598"
"0.047199999999999555","-9449.272125342928"
"0.047359999999999555","-9368.29510726818"
"0.047519999999999556","-9287.812257662014"
"0.047679999999999556","-9207.818126822664"
"0.047839999999999556","-9128.307345028967"
"0.04799999999999956","-9049.274620898697"
"0.04815999999999956","-8970.714739791241"
"0.04831999999999956","-8892.622562250857"
"0.04847999999999956","-8814.993022491348"
"0.04863999999999956","-8737.821126920167"
"0.04879999999999956","-8661.101952699797"
"0.04895999999999956","-8584.830646346181"
"0.04911999999999956","-8509.002422362717"
"0.04927999999999956","-8433.612561908765"
"0.04943999999999956","-8358.656411501508"
"0.04959999999999956","-8284.129381750332"
"0.04975999999999956","-8210.026946121692"
"0.04991999999999956","-8136.344639735563"
"0.05007999999999956","-8063.078058189978"
"0.05023999999999956","-7990.222856416245"
"0.05039999999999956","-7917.774747557858"
"0.050559999999999564","-7845.729501881302"
"0.050719999999999564","-7774.082945709348"
"0.050879999999999564","-7702.83096037985"
"0.051039999999999565","-7631.969481230798"
"0.051199999999999565","-7561.49449660841"
"0.051359999999999566","-7491.402046896588"
"0.051519999999999566","-7421.688223571871"
"0.05167999999999957","-7352.349168278169"
"0.05183999999999957","-7283.381071922033"
"0.05199999999999957","-7214.7801737918435"
"0.05215999999999957","-7146.542760691685"
"0.05231999999999957","-7078.6651661005535"
"0.05247999999999957","-7011.143769345862"
"0.05263999999999957","-6943.974994797391"
"0.05279999999999957","-6877.155311078738"
"0.05295999999999957","-6810.681230296272"
"0.05311999999999957","-6744.549307284508"
"0.05327999999999957","-6678.756138868621"
"0.05343999999999957","-6613.298363141857"
"0.05359999999999957","-6548.172658760393"
"0.05375999999999957","-6483.375744251188"
"0.05391999999999957","-6418.904377336052"
"0.05407999999999957","-6354.755354269821"
"0.05423999999999957","-6290.925509191845"
"0.054399999999999574","-6227.41171349247"
"0.054559999999999574","-6164.210875191457"
"0.054719999999999575","-6101.31993832958"
"0.054879999999999575","-6038.735882374552"
"0.055039999999999575","-5976.455721636342"
"0.055199999999999576","-5914.4765046975845"
"0.055359999999999576","-5852.79531385259"
"0.05551999999999958","-5791.409264560869"
"0.05567999999999958","-5730.315504909709"
"0.05583999999999958","-5669.511215087928"
"0.05599999999999958","-5608.993606871472"
"0.05615999999999958","-5548.759923117547"
"0.05631999999999958","-5488.807437270573"
"0.05647999999999958","-5429.133452876671"
"0.05663999999999958","-5369.7353031087005"
"0.05679999999999958","-5310.610350300172"
"0.05695999999999958","-5251.755985488851"
"0.05711999999999958","-5193.169627968901"
"0.05727999999999958","-5134.848724852281"
"0.05743999999999958","-5076.7907506376405"
"0.05759999999999958","-5018.993206788983"
"0.05775999999999958","-4961.4536213223455"
"0.05791999999999958","-4904.169548398989"
"0.05807999999999958","-4847.138567928527"
"0.058239999999999584","-4790.358285178062"
"0.058399999999999584","-4733.826330389207"
"0.058559999999999585","-4677.540358403562"
"0.058719999999999585","-4621.498048292739"
"0.058879999999999585","-4565.697102998803"
"0.059039999999999586","-4510.13524897805"
"0.059199999999999586","-4454.810235854351"
"0.05935999999999959","-4399.719836076682"
"0.05951999999999959","-4344.861844583902"
"0.05967999999999959","-4290.234078476798"
"0.05983999999999959","-4235.834376693829"
"0.05999999999999959","-4181.660599694489"
"0.06015999999999959","-4127.710629147384"
"0.06031999999999959","-4073.982367624691"
"0.06047999999999959","-4020.473738300591"
"0.06063999999999959","-3967.1826846564354"
"0.06079999999999959","-3914.107170189467"
"0.06095999999999959","-3861.2451781272666"
"0.06111999999999959","-3808.594711146412"
"0.06127999999999959","-3756.153791095039"
"0.06143999999999959","-3703.9204587203762"
"0.06159999999999959","-3651.892773400239"
"0.06175999999999959","-3600.0688128769752"
"0.06191999999999959","-3548.4466729960677"
"0.062079999999999594","-3497.0244674480996"
"0.062239999999999594","-3445.8003275112196"
"0.062399999999999595","-3394.772401799797"
"0.06255999999999959","-3343.938856012331"
"0.06271999999999958","-3293.2978726818073"
"0.06287999999999958","-3242.84765092853"
"0.06303999999999957","-3192.5864062130145"
"0.06319999999999956","-3142.5123700892777"
"0.06335999999999956","-3092.623789958513"
"0.06351999999999955","-3042.9189288221273"
"0.06367999999999954","-2993.3960650329836"
"0.06383999999999954","-2944.0534920458304"
"0.06399999999999953","-2894.8895181643215"
"0.06415999999999952","-2845.9024662840598"
"0.06431999999999952","-2797.090673632837"
"0.06447999999999951","-2748.4524915050715"
"0.0646399999999995","-2699.9862849881074"
"0.0647999999999995","-2651.6904326842664"
"0.06495999999999949","-2603.563326422043"
"0.06511999999999948","-2555.603370957155"
"0.06527999999999948","-2507.8089836637687"
"0.06543999999999947","-2460.1785942115425"
"0.06559999999999946","-2412.710644228213"
"0.06575999999999946","-2365.403586946007"
"0.06591999999999945","-2318.2558868296846"
"0.06607999999999944","-2271.2660191842538"
"0.06623999999999944","-2224.432469740522"
"0.06639999999999943","-2177.7537342161886"
"0.06655999999999943","-2131.228317850056"
"0.06671999999999942","-2084.8547349080063"
"0.06687999999999941","-2038.6315081577563"
"0.0670399999999994","-1992.5571683100807"
"0.0671999999999994","-1946.6302534268198"
"0.06735999999999939","-1900.8493082919808"
"0.06751999999999939","-1855.2128837451467"
"0.06767999999999938","-1809.7195359794416"
"0.06783999999999937","-1764.3678258014545"
"0.06799999999999937","-1719.1563178589558"
"0.06815999999999936","-1674.0835798367805"
"0.06831999999999935","-1629.1481816300768"
"0.06847999999999935","-1584.3486945039258"
"0.06863999999999934","-1539.6836902506582"
"0.06879999999999933","-1495.151740368806"
"0.06895999999999933","-1450.7514152831172"
"0.06911999999999932","-1406.4812836446843"
"0.06927999999999931","-1362.3399117553727"
"0.06943999999999931","-1318.3258631748624"
"0.0695999999999993","-1274.4376985915185"
"0.0697599999999993","-1230.673976056101"
"0.06991999999999929","-1187.0332517097263"
"0.07007999999999928","-1143.514081180483"
"0.07023999999999928","-1100.1150218613373"
"0.07039999999999927","-1056.8346363588241"
"0.07055999999999926","-1013.6714974749805"
"0.07071999999999926","-970.6241951930505"
"0.07087999999999925","-927.6913462793655"
"0.07103999999999924","-884.8716072840664"
"0.07119999999999924","-842.1636919668048"
"0.07135999999999923","-799.5663944737411"
"0.07151999999999922","-757.078619993591"
"0.07167999999999922","-714.6994251555739"
"0.07183999999999921","-672.4280711370903"
"0.0719999999999992","-630.264093376491"
"0.0721599999999992","-588.2073930471975"
"0.07231999999999919","-546.2583571144181"
"0.07247999999999918","-504.41801603960533"
"0.07263999999999918","-462.68825121248847"
"0.07279999999999917","-421.0720682302113"
"0.07295999999999916","-379.5739575708173"
"0.07311999999999916","-338.20037142264135"
"0.07327999999999915","-296.9603550110413"
"0.07343999999999914","-255.86638320994362"
"0.07359999999999914","-214.93546915902579"
"0.07375999999999913","-174.19063119807382"
"0.07391999999999913","-133.66282719208996"
"0.07407999999999912","-93.39348895619426"
"0.07423999999999911","-53.4378082653013"
"0.0743999999999991","-13.86892772693022"
"0.0745599999999991","25.216848351779525"
"0.07471999999999909","63.6938257519896"
"0.07487999999999909","101.39993636979469"
"0.07503999999999908","138.12974096873054"
"0.07519999999999907","173.62893715533784"
"0.07535999999999907","207.59294799237648"
"0.07551999999999906","239.67324491985542"
"0.07567999999999905","269.49545630651585"
"0.07583999999999905","296.69186866162477"
"0.07599999999999904","320.94661146249587"
"0.07615999999999903","342.04513418829316"
"0.07631999999999903","359.91381068539306"
"0.07647999999999902","374.6355014595148"
"0.07663999999999901","386.4348215959569"
"0.07679999999999901","395.6387538217387"
"0.076959999999999","402.6266350257572"
"0.077119999999999","407.7840305331496"
"0.07727999999999899","411.46937366194817"
"0.07743999999999898","413.99537771163045"
"0.07759999999999898","415.6226482512917"
"0.07775999999999897","416.5613188875232"
"0.07791999999999896","416.9768980216959"
"0.07807999999999896","416.99763106929083"
"0.07823999999999895","416.7217946949648"
"0.07839999999999894","416.22415886930276"
"0.07855999999999894","415.5613585153756"
"0.07871999999999893","414.776186114654"
"0.07887999999999892","413.9009364978405"
"0.07903999999999892","412.9599712146404"
"0.07919999999999891","411.97166483442504"
"0.0793599999999989","410.949873546645"
"0.0795199999999989","409.90504019658755"
"0.07967999999999889","408.8450252019543"
"0.07983999999999888","407.7757318728331"
